,Attrition,OverTime,TotalWorkingYears,Age,JobLevel,YearsInCurrentRole,MaritalStatus,MonthlyIncome,YearsWithCurrManager,YearsAtCompany,StockOptionLevel,JobInvolvement,JobSatisfaction,EnvironmentSatisfaction,DistanceFromHome,Department,WorkLifeBalance,JobRole,DailyRate,RelationshipSatisfaction,TrainingTimesLastYear
0,1,1,8,41,2,4,2,5993,5,6,0,3,4,2,1,2,1,7,1102,1,0
1,0,0,10,49,2,7,1,5130,7,10,1,2,2,3,8,1,3,6,279,4,3
2,1,1,7,37,1,0,2,2090,0,0,0,2,3,4,2,1,3,2,1373,2,3
3,0,1,8,33,1,7,1,2909,0,8,0,3,3,4,3,1,3,6,1392,3,3
5,0,0,8,32,1,7,2,3068,6,7,0,3,4,4,2,1,2,2,1005,3,2
6,0,1,12,59,1,0,1,2670,0,1,3,4,1,3,3,1,2,2,1324,1,3
7,0,0,1,30,1,0,0,2693,0,1,1,3,3,4,24,1,3,2,1358,2,2
8,0,0,10,38,3,7,2,9526,8,9,0,2,3,4,23,1,3,4,216,2,2
9,0,0,17,36,2,7,1,5237,7,7,2,3,3,3,27,1,2,0,1299,2,3
10,0,0,6,35,1,4,1,2426,3,5,1,4,2,1,16,1,3,2,809,3,5
11,0,1,10,29,2,5,2,4193,8,9,0,2,3,4,15,1,3,2,153,4,3
12,0,0,5,31,1,2,0,2911,3,5,1,3,3,1,26,1,2,6,670,4,1
13,0,0,3,34,1,2,0,2661,2,2,1,3,4,2,19,1,3,2,1346,3,2
14,1,1,6,28,1,2,2,2028,3,4,0,2,3,3,24,1,3,2,103,2,4
15,0,0,10,29,3,9,0,9980,8,10,1,4,1,2,21,1,3,4,1389,3,1
16,0,1,7,32,1,2,0,3298,5,6,2,4,2,1,5,1,2,6,334,4,5
17,0,1,1,22,1,0,0,2935,0,1,2,4,4,4,16,1,2,2,1123,2,2
18,0,0,31,53,4,8,1,15427,7,25,0,2,4,1,2,2,3,3,1219,3,3
19,0,1,6,38,1,2,2,3944,2,3,0,3,4,4,2,1,3,6,371,3,3
20,0,0,5,24,2,2,0,4011,3,4,1,4,3,1,11,1,2,4,673,4,5
21,1,0,10,36,1,3,2,3407,3,5,0,2,1,3,9,2,3,8,1218,2,4
22,0,0,13,34,3,6,2,11994,11,12,0,3,2,1,7,1,3,5,419,3,4
23,0,0,0,21,1,0,2,1232,0,0,0,3,4,3,15,1,3,6,391,4,6
24,1,0,8,34,1,2,2,2960,3,4,0,3,1,2,6,1,3,6,699,3,2
25,0,0,26,53,5,13,0,19094,8,14,1,3,3,3,5,1,2,3,1282,4,3
26,1,1,10,32,1,2,2,3919,7,10,0,1,1,2,16,1,3,6,1125,2,5
27,0,0,10,42,2,7,1,6825,2,9,1,3,2,3,8,2,3,7,691,4,2
29,0,0,22,46,5,2,2,18947,1,2,0,3,1,2,2,2,2,3,705,4,2
30,0,0,7,33,1,1,2,2496,0,1,0,3,4,3,2,1,3,2,924,4,3
31,0,1,9,44,2,2,1,6465,3,4,0,3,4,4,10,1,4,0,1459,4,5
32,0,0,10,30,1,0,2,2206,8,10,0,2,3,4,9,1,3,2,125,1,5
33,1,0,19,39,2,0,1,2086,0,1,1,3,4,4,5,2,4,8,895,3,6
34,1,1,6,24,1,0,1,2293,0,2,1,3,4,2,1,1,2,6,813,1,2
35,0,0,6,43,1,3,0,2645,4,5,2,4,3,4,2,1,2,6,1273,4,3
36,1,1,3,50,1,2,1,2683,2,3,0,2,3,1,3,2,3,8,869,3,2
37,0,0,2,35,1,2,1,2014,2,2,0,3,4,4,2,2,3,8,890,1,3
39,0,0,10,33,2,3,1,5376,3,5,2,4,1,3,1,2,3,7,1141,1,3
40,0,0,1,35,1,0,0,1951,0,1,1,3,4,3,4,1,3,2,464,3,3
41,0,0,1,27,1,0,0,2341,0,1,1,3,1,4,2,1,3,2,1240,4,6
42,1,0,1,26,1,0,2,2293,1,1,0,1,3,1,25,1,2,2,1357,3,2
43,0,0,9,27,3,8,2,8726,7,9,0,3,3,4,8,2,3,7,994,4,0
44,0,0,12,30,2,8,2,4011,7,12,0,3,4,3,1,1,3,2,721,4,2
46,0,0,10,34,2,5,2,4568,7,9,0,3,3,2,23,2,3,7,1065,3,2
47,0,0,8,37,1,0,1,3022,0,1,0,3,2,2,19,1,3,6,408,1,1
48,0,1,14,46,2,6,2,5772,8,9,0,3,4,1,5,2,3,7,1211,3,4
49,0,0,1,35,1,0,1,2269,1,1,0,4,4,4,8,1,3,2,1229,4,2
51,1,1,2,28,1,2,2,3441,2,2,0,3,3,3,5,1,2,2,1434,3,3
52,0,1,9,44,2,3,0,5454,3,4,1,3,1,2,1,2,2,7,1488,3,2
53,0,1,10,35,3,0,1,9884,3,4,1,2,1,3,11,1,3,0,1097,3,3
54,0,1,5,26,2,2,1,4157,0,2,1,2,4,3,23,2,2,7,1443,3,2
55,0,1,15,33,3,14,2,13458,12,15,0,3,4,1,1,1,3,5,515,3,1
56,0,0,9,35,3,8,1,9069,8,9,1,3,1,2,18,2,2,7,853,4,3
57,0,1,4,35,1,2,1,4014,2,2,1,3,1,3,23,1,3,2,1142,3,3
58,0,0,10,31,2,7,0,5915,7,7,1,3,4,4,7,1,2,2,655,4,3
59,0,0,7,37,2,5,0,5993,7,7,1,2,3,1,1,1,4,4,1115,3,2
60,0,1,9,32,2,8,1,6162,8,9,1,3,4,1,1,1,3,4,427,2,3
61,0,0,10,38,2,3,2,2406,9,10,0,3,4,4,29,1,3,2,653,4,2
62,0,1,29,50,5,3,0,18740,8,27,1,2,3,2,7,1,2,5,989,4,2
63,0,0,28,59,3,16,2,7637,9,21,0,3,1,1,25,2,2,7,1435,4,3
64,0,0,17,36,3,14,0,10096,8,17,3,3,3,3,8,1,3,0,1223,2,2
65,0,1,21,55,4,0,0,14756,2,5,3,3,3,4,8,1,3,3,836,3,2
66,0,0,6,36,2,5,2,6499,3,6,0,2,2,2,11,1,3,4,1195,3,3
67,0,0,25,45,3,0,0,9724,0,1,1,3,1,2,7,1,3,6,1339,3,2
68,0,0,5,35,1,2,1,2194,2,3,1,3,1,2,1,1,2,6,664,4,2
69,1,1,2,36,1,0,1,3388,0,1,1,2,3,4,9,1,2,6,318,1,0
70,0,0,20,59,2,3,2,5473,3,4,0,2,3,1,1,2,2,7,1225,4,2
71,0,0,6,29,1,4,1,2703,4,5,1,3,2,3,2,1,3,6,1328,4,3
72,0,0,1,31,1,1,2,2501,0,1,0,3,2,3,1,1,3,6,1082,2,4
73,0,0,10,32,2,4,1,6220,9,10,2,3,2,2,1,1,3,6,548,2,3
74,0,0,5,36,1,0,1,3038,0,1,0,4,4,2,6,1,3,2,132,2,3
75,0,0,11,31,2,7,2,4424,8,11,0,3,4,3,8,1,3,4,746,4,2
76,0,0,16,35,2,13,2,4312,8,15,0,2,1,3,1,2,3,7,776,2,2
77,0,1,17,45,3,0,1,13245,0,0,0,3,1,4,6,1,4,5,193,2,3
78,0,0,16,37,3,2,2,13664,2,5,0,3,3,1,7,1,4,5,397,1,3
79,0,1,16,46,2,2,0,5021,2,4,1,3,2,2,5,0,3,1,945,4,2
80,0,1,10,30,2,8,1,5126,0,10,2,2,4,4,1,1,2,2,852,3,1
81,0,0,6,35,1,4,2,2859,4,6,0,2,3,2,1,1,3,6,1214,1,3
82,0,0,24,55,3,0,1,10239,0,1,1,3,4,1,1,2,3,7,111,4,4
83,0,1,17,38,2,11,0,5329,9,13,3,1,4,2,6,1,3,6,573,4,3
84,0,0,5,34,2,2,1,4325,3,5,0,3,2,1,1,1,3,4,1153,3,2
86,0,0,3,23,1,0,0,2322,0,0,1,3,1,3,2,2,3,8,541,3,3
87,0,0,10,51,1,2,1,2075,3,4,2,3,4,4,9,1,3,2,432,2,4
88,0,0,11,30,2,10,1,4152,8,11,3,2,4,3,2,1,3,0,288,1,3
89,1,0,9,46,3,8,2,9619,7,9,0,2,4,3,9,2,3,7,669,4,3
90,0,0,22,40,4,3,1,13503,11,22,1,2,2,3,1,1,2,0,530,4,3
91,0,1,11,51,2,7,2,5441,0,10,0,3,4,3,21,2,1,7,632,4,2
92,0,1,11,30,2,8,0,5209,7,11,3,2,2,3,4,2,2,7,1334,2,4
93,0,1,21,46,3,9,1,10673,5,10,1,2,1,3,1,1,2,0,638,3,5
94,0,0,12,32,2,8,2,5010,7,11,0,3,3,2,6,2,3,7,1093,1,0
96,0,0,4,24,2,2,1,4999,2,3,1,3,3,1,3,2,2,7,1353,1,2
97,0,0,5,28,2,4,1,4221,4,5,0,3,3,2,4,2,4,7,120,2,3
99,0,0,17,44,2,2,1,2042,2,3,1,3,2,2,23,1,4,2,489,3,3
100,1,1,7,37,1,2,0,2073,2,3,0,3,1,3,6,0,3,1,807,4,3
101,0,0,1,32,1,0,2,2956,0,1,0,3,1,4,1,1,3,6,827,4,2
102,1,1,1,20,1,0,2,2926,0,1,0,2,4,4,6,1,3,2,871,2,5
103,0,0,16,34,2,13,2,4809,10,16,0,3,3,1,6,1,3,6,665,3,3
104,0,0,17,37,2,0,0,5163,0,1,1,2,4,3,2,1,4,0,1040,4,2
106,0,1,28,50,5,3,1,18172,7,8,0,3,2,1,1,1,2,5,1115,1,1
107,1,1,6,25,2,4,2,5744,3,6,0,2,3,3,5,2,3,7,240,4,1
108,0,0,2,25,1,2,1,2889,1,2,2,2,4,4,7,1,3,6,1280,3,2
109,0,0,1,22,1,0,2,2871,0,0,0,3,4,2,15,1,3,2,534,3,5
110,0,0,23,51,3,12,2,7484,8,13,0,2,1,1,1,1,2,0,1456,3,1
111,1,1,9,34,2,7,2,6074,6,9,0,1,3,1,7,1,3,2,658,4,3
112,0,1,23,54,4,3,2,17328,4,5,0,4,4,4,26,0,3,3,142,3,3
113,0,0,6,24,1,3,1,2774,2,5,1,3,3,2,18,1,3,2,1127,3,2
114,0,0,12,34,2,0,0,4505,0,1,1,2,2,3,6,1,3,6,1031,3,3
115,0,0,12,37,3,3,2,7428,3,5,0,3,4,3,3,2,3,7,1189,1,3
116,0,0,14,34,3,10,2,11631,8,11,0,2,1,3,5,1,3,3,1354,4,6
117,0,0,10,36,3,7,1,9738,8,9,1,3,4,2,11,2,3,7,1467,3,6
118,0,0,7,36,1,0,0,2835,0,1,1,3,4,1,3,1,3,2,922,1,2
119,0,1,25,43,4,12,1,16959,12,25,2,3,4,3,26,2,4,3,394,4,3
120,0,0,10,30,1,7,0,2613,9,10,3,1,3,1,23,1,2,6,1312,3,2
121,0,0,8,33,2,7,1,6146,7,7,1,3,2,3,22,2,4,7,750,1,2
124,1,1,12,31,2,7,1,6172,7,7,0,1,3,2,6,2,2,7,249,2,3
125,0,0,5,26,1,4,1,2368,3,5,0,2,2,3,6,1,2,6,841,3,3
127,1,1,0,19,1,0,2,1675,0,0,0,3,3,4,22,2,2,8,528,4,2
128,0,0,3,22,1,1,1,2523,1,2,1,3,4,3,2,1,3,2,594,3,2
129,0,0,16,49,2,11,1,6567,11,15,0,3,1,3,20,1,2,4,470,3,2
130,0,0,18,43,1,2,2,4739,2,3,0,4,3,2,28,1,3,6,957,4,2
131,0,0,16,50,3,2,2,9208,1,2,0,3,4,3,12,2,3,7,809,4,3
132,1,1,4,31,2,2,1,4559,2,2,1,1,3,2,20,2,3,7,542,3,2
133,0,1,12,41,3,7,0,8189,7,9,1,3,3,3,9,2,3,7,802,3,2
134,0,0,8,26,1,7,1,2942,7,8,1,3,3,3,25,0,3,1,1355,4,3
135,0,0,7,36,2,2,0,4941,1,3,2,3,2,2,6,1,3,4,216,4,0
136,1,0,18,51,3,2,2,10650,3,4,0,1,4,1,8,1,3,4,1150,4,2
137,0,0,17,39,2,11,1,5902,9,15,1,2,3,4,4,2,4,7,1329,3,1
138,0,0,6,25,2,2,1,8639,2,2,0,2,3,1,28,2,3,7,959,4,3
139,0,1,12,30,2,9,1,6347,7,11,0,3,4,3,9,0,1,1,1240,4,2
140,1,0,10,32,1,4,2,4200,4,5,0,3,1,1,9,1,4,2,1033,1,2
141,0,0,9,45,1,5,2,3452,3,6,0,3,4,3,29,1,2,6,1316,2,2
142,0,1,19,38,2,2,2,4317,2,3,0,3,3,4,3,1,3,6,364,2,2
143,0,0,5,30,1,4,2,2632,4,5,0,3,3,1,18,1,2,6,438,3,4
144,0,0,9,32,2,7,0,4668,7,8,3,1,4,4,9,2,4,7,689,4,2
145,0,0,8,30,1,2,0,3204,2,3,1,3,1,4,5,1,3,6,201,4,3
146,0,0,6,30,1,3,2,2720,2,5,0,2,4,2,2,1,3,2,1427,4,3
147,0,0,21,41,4,6,0,17181,7,7,1,2,1,4,10,1,2,3,857,2,2
148,0,0,7,41,1,0,1,2238,4,5,1,3,1,3,9,1,3,2,933,4,2
149,0,0,1,19,1,0,2,1483,0,1,0,3,2,2,3,1,3,2,1181,4,3
150,0,0,20,40,2,7,0,5605,13,20,1,3,2,2,26,1,3,6,1395,1,2
151,0,0,10,35,3,8,1,7295,6,10,2,3,2,3,1,2,3,7,662,1,3
152,0,1,13,53,2,7,1,2306,5,7,1,3,3,2,6,2,1,8,1436,4,3
153,0,0,20,45,2,9,0,2348,15,17,1,3,2,2,9,1,1,2,194,3,2
154,0,0,9,32,3,8,2,8998,7,9,0,3,4,2,8,2,3,7,967,4,2
155,0,0,10,29,2,7,1,4319,9,10,1,3,3,4,1,1,3,4,1496,1,1
156,0,0,10,51,2,0,1,6132,0,1,0,2,3,2,7,1,3,4,1169,3,2
157,0,1,9,58,1,0,1,3346,0,1,1,2,2,2,9,1,2,6,1145,2,3
158,0,0,15,40,3,11,1,10855,11,12,1,2,4,3,4,2,2,7,630,1,2
159,0,0,6,34,1,3,1,2231,2,4,1,3,3,3,2,2,3,8,303,4,3
160,0,0,2,22,1,2,1,2323,2,2,2,3,4,3,19,1,3,6,1256,1,6
161,0,0,6,27,1,2,0,2024,2,2,1,3,2,4,9,1,1,6,691,4,1
162,0,0,5,28,1,2,1,2713,2,5,1,3,4,3,21,1,1,6,440,3,2
163,0,1,12,57,3,3,0,9439,4,5,1,4,4,3,24,1,1,0,334,2,2
164,0,1,1,27,1,1,0,2566,1,1,1,2,3,3,3,1,2,6,1450,4,2
165,0,0,21,50,5,4,2,19926,4,5,0,3,2,3,11,1,3,3,1452,2,5
166,0,0,13,41,1,8,0,2451,8,9,1,3,3,1,14,1,3,6,465,1,2
167,0,0,12,30,3,9,1,9419,4,10,1,3,4,2,5,2,3,7,1339,3,2
168,0,0,12,38,2,3,2,8686,7,8,0,2,4,1,1,2,4,7,702,3,2
169,0,0,8,32,1,4,2,3038,4,5,0,3,3,3,6,1,3,6,120,1,2
170,0,1,6,27,1,2,1,3058,1,5,1,3,2,3,17,1,2,6,1157,4,3
171,1,0,1,19,1,0,2,2325,0,0,0,1,1,3,1,2,4,8,602,1,5
172,0,0,13,36,1,7,2,2088,2,8,0,3,2,4,3,1,2,2,1480,3,3
173,0,0,12,30,2,9,0,3072,10,12,2,3,1,3,9,1,3,2,111,3,4
174,0,1,9,45,2,4,0,5006,3,5,1,3,1,3,4,2,4,7,1268,1,3
175,0,1,19,56,1,2,0,4257,2,2,1,3,1,3,8,1,3,6,713,3,3
176,0,0,4,33,1,1,2,2500,2,3,0,3,4,3,2,1,4,6,134,1,2
177,1,0,1,19,1,0,2,1102,0,1,0,2,4,2,2,1,2,2,303,3,3
179,0,0,2,38,1,2,2,2288,1,2,0,3,4,3,9,1,3,2,1380,3,3
180,0,1,7,31,1,2,1,3929,2,4,1,3,4,3,12,1,3,6,140,3,0
181,0,0,9,34,1,2,2,2311,2,3,0,3,2,4,27,1,3,6,629,4,3
182,1,1,4,41,1,3,2,3140,2,4,0,3,2,2,20,2,2,8,1356,4,5
183,0,0,5,50,1,2,1,3690,2,3,1,2,3,3,1,1,2,2,328,4,2
184,0,0,5,53,2,2,0,4450,3,4,2,4,1,4,13,1,3,4,1084,3,3
185,0,0,8,33,1,7,1,2756,6,8,1,3,2,4,14,1,3,6,931,4,5
186,0,0,21,40,5,8,1,19033,9,20,1,3,3,4,4,1,3,3,989,2,2
188,0,0,10,34,2,9,1,9547,9,10,0,2,3,4,2,1,2,4,1069,3,2
189,0,0,21,51,4,7,2,13734,0,7,0,3,2,4,3,1,3,0,313,3,6
191,0,0,7,27,1,7,2,2279,3,7,0,3,2,4,9,1,2,6,894,4,2
192,1,1,8,35,2,0,1,5916,1,1,0,2,3,2,23,1,3,4,556,1,1
193,0,0,7,43,1,4,0,2089,2,5,3,4,4,4,7,1,4,6,1344,4,3
195,0,1,8,37,1,7,1,3564,7,8,1,4,1,2,21,1,2,6,290,1,3
196,0,0,10,35,2,2,2,4425,2,6,0,3,2,2,2,1,3,2,138,4,5
197,0,0,11,42,2,3,0,5265,2,5,1,3,3,3,21,1,3,4,926,2,5
199,0,0,9,38,2,7,1,6261,7,7,1,3,4,4,29,1,1,4,1084,1,3
200,0,0,6,27,2,2,1,4298,0,2,1,2,1,3,1,1,3,4,472,3,1
201,0,1,7,49,2,7,0,6804,7,7,2,3,4,4,18,1,3,4,1002,1,0
202,0,1,5,34,1,3,0,3815,0,5,1,3,3,4,10,1,4,6,878,4,4
203,0,1,15,40,2,2,1,2741,7,7,1,3,4,3,19,1,4,2,905,3,2
204,1,1,17,38,2,0,1,6673,0,1,0,3,1,2,29,1,3,0,1180,2,2
205,1,0,10,29,3,4,1,7639,9,10,3,3,4,2,27,2,2,7,121,4,3
206,0,1,4,22,1,2,0,2328,2,4,1,4,2,4,5,1,2,6,1136,1,2
207,0,0,8,36,1,1,2,2153,7,8,0,3,4,2,18,1,3,2,635,1,2
209,0,0,17,46,3,2,0,9396,3,4,1,3,1,4,1,1,3,0,644,3,3
210,1,0,14,32,3,8,1,10400,8,14,0,1,4,4,4,2,2,7,1045,3,2
211,0,0,12,30,3,8,2,8474,8,11,0,2,3,3,1,1,3,4,829,3,2
212,0,0,7,27,2,7,2,9981,7,7,0,3,3,4,20,2,3,7,1242,4,2
213,0,0,16,51,3,9,1,12490,7,10,2,2,2,2,8,1,1,5,1469,4,5
214,1,1,8,30,1,2,2,2657,4,5,0,3,1,4,3,1,3,6,1005,3,5
215,0,1,16,41,3,0,2,13591,0,1,0,3,4,4,6,2,3,3,896,3,3
216,1,0,9,30,2,3,2,6696,1,6,0,2,1,3,26,2,2,7,334,3,5
217,1,0,7,29,1,2,2,2058,5,6,0,3,3,3,1,1,2,6,992,4,1
218,0,0,23,45,3,7,2,8865,8,19,0,2,4,4,6,2,3,7,1052,4,2
219,0,0,16,54,2,2,1,5940,5,6,1,3,1,4,3,2,3,7,1147,4,4
220,0,0,16,36,2,11,2,5914,7,13,0,3,2,4,5,1,4,2,1396,4,3
221,0,0,7,33,1,2,1,2622,1,3,0,2,2,3,4,1,3,6,147,4,3
222,0,1,10,37,3,8,0,12185,7,10,3,3,4,2,11,1,3,5,663,3,1
223,0,0,17,38,3,10,0,10609,13,16,2,3,3,1,3,2,2,7,119,3,6
224,0,0,6,31,2,4,1,4345,4,5,1,1,3,3,1,1,3,4,979,4,2
225,0,0,7,59,1,0,1,2177,0,1,1,2,4,3,3,1,3,6,142,1,6
226,0,0,13,37,1,8,0,2793,8,9,1,3,4,1,4,2,3,8,319,3,2
227,0,0,11,29,3,10,1,7918,1,11,1,3,4,2,1,2,3,7,1413,4,5
228,0,0,10,35,3,7,2,8789,8,10,0,3,3,3,1,2,4,7,944,1,3
229,1,1,4,29,1,3,2,2389,1,4,0,2,4,3,18,1,2,6,896,3,3
230,0,0,6,52,1,2,2,3212,2,2,0,2,4,3,2,1,2,2,1323,2,3
231,0,0,22,42,5,17,1,19232,15,22,0,3,4,3,4,1,3,3,532,4,3
232,0,0,7,59,1,2,1,2267,2,2,0,3,3,2,6,0,2,1,818,4,2
233,0,0,32,50,5,0,0,19517,6,7,1,3,4,4,1,2,2,3,854,3,3
234,1,1,8,33,1,4,1,2436,4,5,1,3,4,3,14,1,1,2,813,3,2
235,0,1,22,43,4,13,1,16064,9,17,1,3,4,4,16,2,3,3,1034,3,3
236,1,0,13,33,1,7,1,2707,7,9,0,3,1,1,2,1,4,2,465,1,3
238,0,0,6,32,1,3,1,3931,2,4,1,3,2,3,4,2,3,8,1401,1,5
239,1,1,4,32,1,2,2,3730,2,3,0,2,3,4,1,1,1,2,515,4,2
240,0,0,7,39,1,2,0,2232,2,3,3,3,3,3,1,1,3,2,1431,3,1
241,0,0,4,32,2,2,1,4465,2,3,0,3,4,3,26,2,3,7,976,1,2
242,0,0,17,41,2,0,0,3072,0,1,2,3,1,3,19,1,2,6,1411,1,2
243,0,0,9,40,2,8,0,3319,7,9,2,3,4,1,24,1,3,6,1300,1,3
244,0,0,25,45,5,0,1,19202,7,24,1,4,4,3,1,1,3,3,252,3,2
246,0,0,2,33,1,2,1,2911,2,2,1,2,4,3,5,1,2,6,832,3,2
247,0,0,13,34,2,9,1,5957,9,11,1,2,1,4,2,1,3,4,470,2,3
248,0,0,17,37,1,1,1,3920,2,3,1,2,1,3,1,1,2,6,1017,1,2
249,0,0,9,45,2,2,1,6434,2,3,1,4,3,1,7,1,3,4,1199,4,1
250,1,0,17,37,3,0,0,10048,0,1,2,3,3,1,10,1,3,4,504,2,5
251,0,0,20,39,3,6,2,10938,8,19,0,3,3,3,2,1,3,0,505,4,1
252,0,0,6,29,1,5,2,2340,5,6,0,3,4,3,15,1,3,6,665,1,1
253,0,1,10,42,2,2,2,6545,2,3,0,4,1,4,17,1,3,6,916,3,1
254,0,0,10,29,2,2,0,6931,2,3,1,3,4,4,20,2,3,7,1247,4,2
255,0,0,5,25,2,2,1,4898,2,4,2,3,3,1,1,1,3,4,685,4,3
256,0,1,10,42,1,6,0,2593,8,9,1,2,1,4,2,1,3,2,269,3,4
257,0,0,22,40,5,7,0,19436,9,21,1,3,3,1,2,1,3,5,1416,4,5
258,0,0,1,51,1,0,1,2723,0,1,0,3,4,3,1,1,2,6,833,2,0
259,1,0,6,31,1,4,2,3479,4,5,0,2,2,3,29,1,4,2,307,2,2
260,0,0,5,32,1,1,1,2794,3,5,0,4,2,2,7,1,1,2,1311,3,3
261,0,0,13,38,2,7,1,5249,5,8,1,2,4,4,2,2,3,7,1327,4,0
262,0,0,9,32,2,2,2,2176,4,6,0,2,1,4,2,1,3,2,128,4,5
263,0,1,28,46,4,7,1,16872,7,7,1,1,2,3,2,2,2,3,488,2,2
264,1,0,5,28,1,0,2,3485,0,0,0,3,3,1,2,1,1,2,529,3,5
265,0,0,10,29,2,0,1,6644,0,0,2,2,2,1,2,2,3,7,1210,2,2
266,0,0,10,31,2,0,1,5582,8,9,1,2,4,2,23,1,3,0,1463,2,2
267,0,0,6,25,2,3,0,4000,5,6,2,4,1,2,5,1,3,0,675,4,2
268,0,1,21,45,4,7,1,13496,10,20,0,3,4,3,20,1,3,0,1385,2,2
269,0,0,16,36,1,13,1,3210,11,15,1,3,4,4,6,1,3,2,1403,3,4
271,1,1,10,47,3,7,1,11849,9,10,1,3,2,1,29,1,2,3,666,4,2
272,0,0,5,28,1,2,1,2070,4,5,1,3,4,4,9,1,2,6,1158,4,3
273,0,0,7,37,2,4,1,6502,1,5,1,3,4,3,6,2,4,7,228,2,5
274,0,0,3,21,1,2,2,3230,0,3,0,2,3,4,3,1,4,6,996,1,4
275,0,1,15,37,3,2,0,13603,2,5,2,3,4,1,1,1,3,5,728,1,2
276,0,0,10,35,3,7,0,11996,2,7,1,4,2,2,22,1,2,3,1315,2,6
277,0,1,8,38,2,0,0,5605,7,8,1,4,1,1,7,2,3,7,322,3,3
278,0,0,6,26,2,5,0,6397,4,6,1,3,2,3,1,1,1,4,1479,1,6
279,0,0,28,50,5,4,0,19144,6,10,2,3,2,1,4,1,2,5,797,1,4
280,0,1,21,53,4,3,1,17584,3,5,3,3,3,3,3,1,2,5,1070,4,5
281,0,0,20,42,2,16,1,4907,6,20,0,3,3,2,1,2,3,7,635,3,3
282,0,0,10,29,2,7,2,4554,9,10,0,3,4,2,2,2,2,7,442,1,3
283,0,1,12,55,2,7,1,5415,8,10,1,3,4,2,20,1,3,2,147,4,4
284,0,1,5,26,2,3,1,4741,3,5,1,3,1,1,11,1,3,0,496,3,3
285,0,0,17,37,1,12,2,2115,7,17,0,3,4,4,1,1,3,6,1372,2,3
286,1,1,19,44,1,0,0,3161,0,1,1,3,3,4,24,1,1,2,920,4,0
288,1,1,5,26,1,2,0,2373,2,3,1,3,2,1,16,1,3,2,1449,4,2
289,0,0,5,28,1,3,2,3310,2,5,0,3,4,4,8,1,3,6,1117,4,3
291,0,0,10,36,2,0,2,4485,7,8,0,3,2,3,3,1,3,6,506,4,2
292,0,0,2,31,1,2,0,2789,2,2,1,3,2,4,5,2,2,8,444,3,5
293,1,1,8,26,2,7,2,5828,4,8,0,2,4,4,4,2,3,7,950,2,0
294,0,1,4,37,1,2,1,2326,2,4,3,3,4,2,9,1,2,6,889,3,3
295,0,0,23,42,4,4,1,13525,8,20,1,3,2,3,26,2,4,7,555,4,2
296,1,0,0,18,1,0,2,1420,0,0,0,3,3,3,3,1,3,2,230,3,2
297,0,0,12,35,3,9,1,8020,9,11,2,3,2,3,16,2,2,7,1232,3,3
298,0,0,4,36,1,0,1,3688,0,1,2,4,4,3,18,1,3,2,566,4,2
299,0,0,13,51,2,1,0,5482,2,4,1,1,2,4,2,1,3,4,1302,4,3
300,0,0,22,41,4,10,2,16015,4,22,0,3,2,4,2,2,3,3,334,2,2
301,0,0,0,18,1,0,2,1200,0,0,0,2,3,4,10,2,3,8,812,1,2
302,0,0,9,28,2,3,2,5661,7,8,0,4,1,2,16,1,3,0,1476,3,2
303,0,0,10,31,2,7,1,6929,7,8,1,4,4,2,7,2,2,7,218,2,3
304,0,0,19,39,3,10,0,9613,7,18,3,4,4,3,1,1,2,0,1132,1,5
305,0,0,11,36,2,8,1,5674,8,9,1,3,2,2,24,1,3,2,1105,3,3
306,0,0,13,32,2,8,1,5484,8,13,1,2,3,4,7,2,2,7,906,3,3
307,0,0,19,38,3,8,1,12061,1,10,1,2,2,1,25,1,3,5,849,3,2
308,0,1,12,58,2,3,0,5660,2,5,1,1,3,4,1,1,3,0,390,4,2
309,0,1,6,31,1,2,1,4821,3,5,1,3,4,3,5,1,3,6,691,3,4
310,0,0,9,31,2,2,1,6410,0,2,0,2,1,1,2,0,3,1,106,4,1
311,0,0,24,45,3,9,0,5210,11,24,1,3,1,1,7,1,3,2,1249,1,2
312,0,1,3,31,1,2,0,2695,2,2,1,3,4,3,2,1,1,6,192,2,2
313,0,0,12,33,3,6,1,11878,8,10,2,3,2,4,5,1,3,3,553,2,2
314,0,1,21,39,4,9,1,17068,10,21,0,3,1,3,10,1,3,3,117,4,3
315,0,0,9,43,1,7,2,2455,7,8,0,3,4,3,10,1,3,2,185,1,5
316,0,1,25,49,4,1,2,13964,7,7,0,2,3,3,1,1,3,0,1091,4,2
317,1,0,11,52,2,2,1,4941,7,8,0,2,2,3,8,1,2,6,723,1,3
318,0,1,4,27,1,3,2,2478,2,4,0,3,2,3,5,1,2,6,1220,2,2
319,0,1,13,32,2,12,1,5228,9,13,0,2,2,3,8,2,3,7,588,4,2
320,0,1,5,27,2,4,2,4478,4,5,0,3,3,4,2,2,3,7,1377,1,3
321,0,0,13,31,2,7,0,7547,7,7,3,3,4,4,7,2,3,7,691,4,3
322,0,0,10,32,2,7,2,5055,7,7,0,4,4,1,2,1,2,6,1018,3,0
323,1,1,5,28,1,2,1,3464,2,3,0,1,4,1,2,1,2,6,1157,4,4
324,0,0,11,30,2,8,1,5775,9,10,2,3,4,4,28,1,3,6,1275,4,2
325,0,0,10,31,3,9,1,8943,9,10,1,2,3,3,7,1,3,4,798,1,2
326,0,0,21,39,5,9,1,19272,3,21,1,2,4,3,7,1,3,3,672,1,2
327,1,1,12,39,2,0,1,5238,0,1,0,3,3,4,3,2,2,7,1162,1,3
328,0,0,9,33,2,7,2,4682,1,7,0,2,4,2,10,2,2,7,508,3,6
329,0,0,21,47,5,2,1,18300,1,3,1,3,3,4,5,1,3,5,1482,2,2
330,0,0,9,43,2,7,0,5257,0,9,1,2,3,3,10,1,4,2,559,2,3
331,0,1,6,27,2,4,1,6349,4,5,1,3,2,3,1,2,3,7,210,4,0
332,0,0,20,54,2,3,2,4869,3,4,0,3,3,4,20,1,2,6,928,4,4
333,0,0,10,43,3,0,1,9985,0,1,1,3,1,3,7,1,2,0,1001,1,1
335,0,1,6,40,2,3,1,7457,2,4,3,1,4,2,1,2,2,7,1124,3,2
336,1,1,7,29,1,7,1,2119,7,7,0,1,1,2,8,1,2,2,318,4,4
337,0,0,4,29,1,2,2,3983,2,3,0,2,4,2,9,1,3,2,738,3,2
338,0,0,10,30,2,9,0,6118,2,10,3,2,3,4,5,2,3,7,570,3,2
339,0,0,8,27,2,7,1,6214,7,8,1,3,2,2,8,2,3,7,1130,1,3
340,0,0,8,37,2,2,0,6347,4,6,2,3,4,4,5,1,2,4,1192,3,2
341,0,1,12,38,3,10,0,11510,9,11,1,2,4,3,15,1,3,5,343,2,3
342,0,1,11,31,3,9,2,7143,10,11,0,3,4,3,7,1,2,4,1232,3,2
343,0,1,7,29,2,7,0,8268,7,7,2,2,2,4,10,2,3,7,144,1,2
344,0,0,17,35,3,6,2,8095,13,16,0,3,2,3,5,1,3,4,1296,4,5
345,0,0,4,23,1,2,0,2904,2,4,2,3,4,3,26,1,2,6,1309,3,2
346,0,1,8,41,2,4,2,6032,2,5,0,2,2,4,6,1,3,4,483,4,3
347,0,0,5,47,2,0,2,2976,0,0,0,3,3,2,4,2,3,8,1309,1,3
348,0,0,16,42,4,0,2,15992,0,1,0,3,4,1,23,1,3,5,810,2,2
349,0,0,4,29,2,3,1,4649,2,4,1,3,3,4,2,2,2,7,746,1,3
350,0,1,4,42,1,2,0,2696,0,3,1,3,3,3,2,0,3,1,544,3,5
351,0,0,8,32,1,0,1,2370,7,8,1,3,2,3,2,1,3,2,1062,3,4
352,0,0,15,48,3,0,1,12504,0,0,1,3,3,1,29,2,1,3,530,2,3
353,0,1,13,37,2,7,0,5974,7,7,2,4,1,3,6,1,3,6,1319,1,2
354,0,1,4,30,2,2,1,4736,2,2,1,3,3,4,25,2,4,7,641,2,2
355,0,0,8,26,2,7,1,5296,7,8,1,3,3,3,1,2,3,7,933,2,3
356,0,0,14,42,2,0,2,6781,0,1,0,2,4,1,2,1,3,0,1332,2,6
357,1,1,3,21,1,2,2,2174,2,3,0,2,2,1,1,2,3,8,756,3,3
358,0,0,7,36,2,0,2,6653,0,1,0,3,4,4,1,2,3,7,845,2,6
359,0,0,16,36,3,9,1,9699,12,13,1,2,4,1,3,2,3,7,541,1,2
360,0,0,15,57,2,2,1,6755,2,3,0,3,3,4,1,1,3,0,593,3,2
361,0,1,10,40,1,7,1,2213,7,7,1,4,3,4,10,1,3,2,1171,3,3
362,0,0,3,21,1,2,2,2610,2,3,0,3,4,1,9,2,2,8,895,3,3
363,1,1,1,33,1,0,2,2851,0,1,0,3,3,4,5,2,3,8,350,2,2
364,0,0,17,37,1,4,1,3452,3,5,1,3,1,3,10,1,3,2,921,2,3
365,0,0,7,46,2,0,1,5258,0,1,0,3,3,3,7,1,4,4,1144,3,2
366,1,0,8,41,2,7,2,9355,7,8,0,3,2,1,4,2,3,7,143,3,5
367,0,0,20,50,3,3,2,10496,3,4,0,2,4,4,10,1,3,0,1046,4,2
368,1,1,8,40,2,4,1,6380,0,6,2,2,3,3,22,2,3,7,575,1,6
369,0,1,3,31,1,2,2,2657,2,2,0,2,2,3,9,1,3,6,408,4,5
370,1,0,1,21,1,0,2,2716,0,1,0,4,2,3,12,2,3,8,156,4,0
373,0,0,5,27,1,2,0,3816,4,5,1,3,2,4,1,1,3,2,1469,2,2
374,0,0,7,28,2,5,2,5253,7,7,0,3,4,2,9,2,3,7,304,4,1
375,0,0,26,49,3,2,2,10965,0,5,0,2,3,2,7,1,3,0,1261,3,2
376,0,0,18,51,2,7,1,4936,7,7,1,3,4,3,14,2,2,7,1178,3,2
377,0,0,6,36,1,2,1,2543,2,2,1,3,3,4,2,1,3,6,329,2,3
378,1,1,9,34,2,2,2,5304,4,5,0,4,4,1,19,2,2,7,1362,2,3
379,0,1,30,55,4,4,2,16659,2,5,0,3,4,3,2,1,3,3,1311,3,2
380,0,1,5,24,2,2,0,4260,3,5,1,3,3,4,10,2,4,7,1371,4,2
381,0,0,1,30,1,0,1,2476,0,1,1,3,2,3,2,2,3,8,202,1,3
382,1,0,7,26,1,4,2,3102,4,6,0,3,1,3,3,1,3,6,575,3,2
383,0,0,2,22,1,1,1,2244,2,2,1,3,2,1,11,1,3,6,253,4,1
384,0,0,10,36,3,9,1,7596,0,10,2,2,3,2,2,2,3,7,164,2,2
387,0,0,8,40,2,4,0,5715,3,5,2,3,2,4,2,2,3,7,759,3,5
388,0,0,8,42,1,2,0,2576,2,5,1,3,1,2,1,1,3,2,201,2,5
389,0,1,18,37,2,0,2,4197,1,1,0,3,2,3,10,1,2,4,1305,4,2
390,0,0,25,43,4,10,0,14336,9,25,1,2,2,1,12,1,3,5,982,3,3
391,0,0,20,40,2,0,1,3448,0,1,1,2,3,2,2,1,3,2,555,2,3
392,0,0,24,54,5,2,1,19406,2,4,1,3,1,1,5,1,2,5,821,3,4
394,0,0,13,31,2,10,1,4306,12,13,1,3,1,2,7,1,1,4,480,2,5
395,0,0,8,43,1,2,1,2258,2,3,1,3,4,4,21,1,3,2,313,1,1
396,0,1,8,43,2,2,0,4522,2,5,0,3,3,3,8,1,3,0,1473,4,3
397,0,1,5,25,2,4,2,4487,3,5,0,2,4,2,4,2,3,7,891,2,3
398,0,1,15,37,2,11,1,4449,7,13,2,3,3,2,25,1,3,6,1063,1,2
399,0,0,4,31,1,2,1,2218,2,4,1,2,1,4,1,1,3,2,329,3,3
400,0,1,21,39,5,8,0,19197,6,21,1,3,3,2,1,1,3,3,1218,3,3
402,0,0,6,30,2,4,2,6577,4,5,0,3,3,2,12,2,3,7,1082,2,6
403,0,0,10,41,3,7,1,8392,7,10,1,4,1,2,1,2,3,7,645,3,2
404,0,0,10,28,2,0,0,4558,8,10,1,3,1,3,17,1,3,2,1300,4,2
405,1,0,6,25,1,2,1,4031,2,2,1,3,1,1,3,1,3,2,688,3,5
406,0,1,28,52,3,4,1,7969,4,5,0,2,3,4,3,1,3,4,319,3,4
407,0,0,8,45,1,2,1,2654,2,2,2,3,4,1,10,1,2,6,192,4,3
408,0,0,31,52,4,2,1,16555,4,5,0,3,4,4,4,1,1,3,1490,4,2
409,0,0,19,42,2,4,0,4556,2,5,1,3,3,1,29,1,3,6,532,2,3
410,0,0,11,30,2,4,2,6091,2,5,0,1,4,3,2,1,3,4,317,3,2
411,0,0,33,60,5,8,1,19566,10,29,0,3,1,1,7,1,1,3,422,4,5
412,0,0,19,46,2,7,0,4810,8,10,1,3,3,3,18,1,2,4,1485,3,5
413,0,0,7,42,2,5,1,4523,4,6,3,2,4,4,28,1,4,0,1368,4,4
414,1,1,6,24,1,3,2,3202,4,5,0,3,2,1,1,2,3,8,1448,2,4
415,1,0,3,34,1,2,0,2351,0,2,1,1,3,4,6,2,2,8,296,4,3
416,0,1,1,38,1,0,1,1702,0,1,1,3,4,4,2,1,3,2,1490,3,3
417,0,0,21,40,5,15,1,18041,12,20,0,3,3,3,2,2,3,3,1398,4,2
418,0,0,3,26,1,2,0,2886,2,3,2,3,4,1,23,1,1,6,1349,2,3
419,0,0,9,30,1,3,1,2097,4,5,1,3,4,3,3,1,1,2,1400,3,3
420,0,0,10,29,3,2,1,11935,7,10,0,2,3,2,3,1,3,5,986,3,2
421,1,0,6,29,1,2,1,2546,1,2,0,2,2,3,25,1,4,6,408,2,2
422,1,0,1,19,1,0,2,2564,0,1,0,2,4,1,2,0,4,1,489,3,3
423,0,0,10,30,3,8,1,8412,8,9,0,3,1,3,22,2,3,7,1398,3,3
424,0,0,32,57,4,0,0,14118,0,1,1,2,4,1,29,2,2,3,210,3,3
426,0,0,12,30,1,7,2,2564,7,11,0,3,4,3,2,1,2,2,1116,3,2
427,0,0,22,60,3,13,1,10266,11,18,0,2,1,3,28,2,4,7,1499,4,5
428,0,0,20,47,2,0,0,5070,4,5,3,3,4,1,2,1,3,4,983,3,2
429,0,0,26,46,4,2,1,17861,1,3,0,3,3,1,2,1,1,5,1009,3,2
430,0,0,6,35,1,4,2,4230,3,5,0,1,3,4,22,1,3,2,144,3,2
431,0,0,19,54,2,0,2,3780,0,1,0,3,3,3,8,1,3,2,548,3,3
432,0,0,14,34,1,3,0,2768,7,7,1,2,3,4,2,1,3,6,1303,3,3
433,0,1,15,46,3,2,1,9071,2,3,1,2,4,3,10,2,3,7,1125,3,3
434,0,0,13,31,3,8,0,10648,8,13,1,3,2,3,9,1,4,4,1274,4,6
435,1,1,15,33,3,6,1,13610,7,7,0,3,3,2,15,1,4,3,1277,4,2
436,1,0,8,33,1,3,0,3408,3,4,3,1,4,1,10,1,3,2,587,1,2
437,0,0,4,30,1,2,2,2983,2,3,0,3,2,4,7,2,3,8,413,1,3
438,0,1,10,35,3,7,1,7632,0,8,0,3,3,4,16,1,3,0,1276,3,2
439,1,0,12,31,3,0,1,9824,0,1,0,3,3,1,20,1,3,0,534,1,2
441,0,0,8,42,1,2,1,2093,0,2,1,3,3,2,5,1,3,2,1474,4,4
442,0,0,10,36,3,3,2,9980,7,10,0,3,4,2,10,2,2,7,635,4,3
443,1,0,4,22,1,2,2,3894,2,2,0,2,3,3,4,1,3,2,1368,3,3
444,0,0,14,48,2,7,1,4051,7,9,1,3,4,2,2,2,3,7,163,1,2
446,0,0,16,41,2,3,2,6230,10,14,0,3,4,4,10,2,3,7,267,4,3
448,0,0,22,40,4,6,2,13237,13,20,0,3,3,2,6,1,3,4,302,3,3
449,0,0,8,39,1,3,1,3755,7,8,1,3,3,3,8,1,3,2,443,1,3
450,0,1,10,31,2,5,2,6582,5,6,0,3,4,2,2,2,4,7,828,3,2
451,0,1,10,42,3,9,1,7406,8,10,1,3,1,4,24,1,2,4,319,4,5
452,0,0,9,45,2,7,1,4805,7,8,1,3,2,4,2,2,4,7,561,2,3
453,1,1,8,26,1,7,0,2741,0,7,1,3,3,2,17,0,2,1,426,2,2
454,0,0,8,29,2,2,0,4262,2,3,2,3,4,4,19,1,4,4,232,2,2
455,0,0,10,33,4,1,0,16184,5,6,1,4,3,1,1,1,3,5,922,3,2
457,1,1,0,18,1,0,2,1878,0,0,0,3,2,2,5,2,3,8,1306,4,3
458,0,0,20,40,3,0,0,10932,1,1,1,1,1,3,28,2,3,7,1094,3,2
459,0,1,10,41,2,7,2,6811,7,8,0,2,3,1,2,1,3,0,509,1,3
460,0,0,8,26,2,0,0,4306,0,0,2,3,3,1,29,2,3,7,775,1,5
461,0,0,5,35,2,4,2,4859,3,5,0,3,3,1,1,2,3,7,195,4,3
462,0,0,10,34,2,7,2,5337,7,10,0,4,4,4,21,2,3,7,258,4,3
463,1,1,1,26,1,0,2,2340,0,1,0,1,4,3,24,1,1,2,471,2,3
464,0,0,12,37,3,5,2,7491,2,6,0,3,4,2,1,1,4,4,799,4,3
465,0,0,28,46,3,2,1,10527,2,2,0,3,3,1,18,1,2,0,1034,4,3
466,0,0,22,41,4,16,1,16595,8,18,1,3,1,2,2,2,3,3,1276,2,2
467,0,0,9,37,3,5,0,8834,7,9,1,3,2,1,9,2,3,7,142,4,6
468,0,1,18,52,2,9,0,5577,9,10,2,3,1,4,6,1,3,6,956,2,3
469,1,0,6,32,2,2,1,4707,2,4,0,4,3,4,11,2,3,7,1474,4,2
470,0,0,3,24,1,2,1,2400,1,2,2,3,4,4,24,2,3,8,535,3,3
471,0,0,18,38,2,0,1,9824,0,1,1,3,3,3,10,1,3,0,1495,3,4
472,0,0,8,37,2,5,1,6447,3,6,1,3,2,2,1,1,2,4,446,2,2
473,0,1,31,49,5,9,0,19502,9,31,1,2,3,4,18,1,3,5,1245,3,5
474,0,1,6,24,1,5,1,2725,4,6,2,4,4,2,23,1,3,6,691,2,3
475,0,0,6,26,2,3,1,6272,4,5,2,3,2,1,28,2,4,7,703,4,5
476,0,0,1,24,1,0,1,2127,0,1,1,2,2,4,17,1,3,2,823,4,2
477,0,0,32,50,5,5,1,18200,7,32,1,3,2,1,3,0,3,3,1246,3,2
478,0,0,7,25,1,4,1,2096,6,7,0,3,3,2,13,2,3,8,622,3,1
479,1,1,6,24,1,3,1,2886,2,6,1,3,3,1,7,1,3,2,1287,4,4
480,1,0,1,30,1,0,1,2033,0,1,1,2,1,2,12,2,4,8,448,3,2
481,0,1,6,34,1,5,1,3622,3,6,1,2,4,2,1,1,3,6,254,4,3
482,1,0,9,31,2,1,0,4233,2,3,0,3,1,2,13,2,1,7,1365,3,2
483,0,0,9,35,2,2,2,3681,2,3,0,2,4,1,25,1,3,2,538,4,3
484,0,0,13,31,2,7,0,5460,7,7,2,4,4,1,6,2,4,7,525,4,4
485,0,0,6,27,1,3,0,2187,3,5,2,2,3,1,6,1,2,6,798,3,5
486,0,1,17,37,2,0,1,9602,0,3,1,3,3,4,2,2,2,7,558,3,3
487,0,0,1,20,1,0,2,2836,0,1,0,2,2,4,1,1,4,6,959,4,0
488,0,0,10,42,2,2,1,4089,2,10,2,3,4,3,2,1,3,0,622,2,4
489,0,1,21,43,4,0,0,16627,0,1,1,2,4,2,6,1,2,5,782,3,3
490,0,0,8,38,1,0,2,2619,0,0,0,3,1,3,1,1,2,6,362,4,3
491,0,1,10,43,2,7,0,5679,7,8,1,3,3,4,9,1,3,2,1001,2,3
492,0,0,21,48,4,2,1,15402,2,3,1,2,1,4,1,1,1,3,1236,1,3
493,0,0,10,44,2,2,2,5985,2,2,0,2,3,1,1,0,4,1,1112,2,1
494,0,1,8,34,1,2,0,2579,6,8,2,3,3,3,14,2,3,8,204,4,3
495,1,0,5,27,1,3,0,3041,2,4,1,3,1,3,2,2,3,8,1420,2,3
496,0,0,3,21,1,2,2,3447,2,3,0,3,3,3,22,2,3,8,1343,3,2
497,0,1,26,44,5,2,1,19513,1,2,1,3,4,4,3,1,4,3,1315,1,2
498,0,0,3,22,1,2,1,2773,2,2,0,3,3,1,6,1,3,6,604,4,3
499,0,0,6,33,2,0,0,7104,2,5,0,3,3,3,8,2,3,7,1216,4,3
500,0,1,6,32,2,4,1,6322,5,6,1,3,4,1,9,1,2,6,646,4,2
501,0,0,1,30,1,0,0,2083,0,1,1,3,3,3,3,1,3,6,160,3,2
502,0,0,18,53,2,7,2,8381,10,14,0,3,1,4,1,2,4,7,238,4,2
503,0,0,10,34,1,9,1,2691,8,10,1,3,4,2,1,1,2,6,1397,4,4
504,1,0,5,45,2,1,1,4286,0,1,2,3,1,1,26,2,3,7,306,4,4
505,0,1,3,26,1,2,1,2659,2,3,1,3,4,3,6,1,3,2,991,3,2
506,0,0,10,37,3,7,1,9434,8,10,1,3,3,3,3,1,3,4,482,3,2
507,0,0,6,29,2,0,1,5561,2,6,1,3,3,2,3,2,2,7,1176,1,5
508,0,0,17,35,2,11,2,6646,8,17,0,1,4,2,6,1,3,6,1017,2,3
509,0,0,15,33,2,11,0,7725,7,13,1,3,4,3,6,1,1,0,1296,3,2
510,0,0,16,54,3,7,1,10725,1,9,1,3,2,3,19,0,4,1,397,3,1
511,0,1,13,36,2,2,0,8847,2,3,1,2,2,2,9,1,3,4,913,3,2
512,0,0,5,27,1,2,2,2045,1,4,0,2,4,1,3,1,3,6,1115,4,0
513,1,1,1,20,1,0,2,1009,1,1,0,3,3,4,10,1,3,6,1362,4,5
514,1,1,10,33,1,8,2,3348,7,10,0,3,1,1,3,1,3,6,1076,1,3
515,0,0,1,35,1,0,1,1281,0,1,2,2,3,3,3,1,3,2,727,3,3
516,0,0,5,23,1,2,1,2819,2,3,1,4,1,1,4,1,4,6,885,1,3
517,0,0,4,25,2,2,1,4851,2,3,1,4,2,4,8,2,3,7,810,3,4
518,0,0,8,38,2,7,2,4028,5,7,0,2,4,4,7,2,3,7,243,1,2
519,0,0,10,29,1,7,0,2720,8,10,1,1,4,2,1,1,3,6,806,4,5
520,0,0,12,48,2,2,1,8120,2,2,0,4,2,2,2,2,3,7,817,4,3
521,0,1,6,27,2,5,0,4647,4,6,2,4,4,4,3,2,3,7,1410,2,3
522,0,0,4,37,1,0,2,4680,0,1,0,4,4,4,10,1,3,6,1225,1,2
523,0,1,20,50,1,8,1,3221,8,20,3,4,3,4,28,1,3,2,1207,3,3
524,0,0,9,34,3,7,2,8621,7,8,0,2,2,4,9,1,4,0,1442,2,3
526,0,0,20,39,2,7,2,4553,10,20,0,2,3,4,2,1,3,0,408,1,4
527,0,0,10,32,2,7,2,5396,8,10,0,3,4,4,10,2,2,7,929,4,2
528,1,1,18,50,2,3,1,6796,3,4,1,3,3,2,8,2,3,7,562,1,4
529,0,0,10,38,2,7,2,7625,8,9,0,4,4,2,1,1,2,0,827,3,4
530,0,0,9,27,3,7,1,7412,7,9,0,3,1,3,1,1,3,4,608,4,3
531,0,0,10,32,3,7,2,11159,7,7,0,3,4,3,3,1,3,5,1018,4,6
532,0,0,20,47,2,7,2,4960,7,7,0,3,1,4,14,2,3,7,703,4,2
533,0,1,20,40,3,13,1,10475,12,18,1,2,1,4,5,2,3,7,580,3,2
534,0,0,32,53,4,1,1,14814,3,5,0,4,3,3,7,1,3,5,970,3,3
535,0,0,23,41,5,6,0,19141,6,21,3,2,4,2,10,0,2,3,427,2,2
536,0,0,10,60,2,2,2,5405,2,2,0,3,1,1,16,2,3,7,1179,4,1
537,0,0,9,27,3,7,0,8793,7,9,2,3,1,4,10,1,2,4,294,3,4
538,0,0,22,41,5,7,1,19189,10,22,1,2,3,4,1,0,3,3,314,2,3
539,0,0,4,50,1,2,1,3875,2,2,1,3,2,4,8,2,3,8,316,4,2
540,1,1,10,28,1,7,2,2216,7,7,0,1,2,1,1,1,3,6,654,4,4
542,0,1,10,38,3,0,2,7861,0,1,0,3,3,3,1,1,4,4,168,4,4
543,0,0,9,44,1,2,2,3708,4,5,0,1,3,1,24,1,3,2,381,3,5
545,0,0,10,30,2,7,0,5304,7,8,1,3,4,3,27,2,2,7,501,4,2
546,0,0,1,29,1,0,2,2642,0,1,0,3,3,3,10,2,3,8,1396,3,6
547,1,1,7,42,1,2,0,2759,2,2,0,4,3,3,19,1,3,6,933,4,2
548,0,0,7,43,2,2,1,6804,2,2,1,2,4,4,15,2,3,7,775,3,5
549,0,0,10,34,2,1,2,6142,3,5,0,3,3,2,8,1,3,0,970,4,2
550,0,0,5,23,1,3,1,2500,2,4,1,3,1,2,9,1,4,2,650,4,2
552,0,0,30,56,4,7,1,11103,1,10,0,3,4,3,9,1,2,0,832,3,1
553,0,1,5,40,1,2,2,2342,3,4,0,2,4,4,2,1,2,6,804,4,2
554,0,0,9,27,2,6,2,6811,7,7,0,2,1,4,7,1,1,0,975,1,2
555,0,0,2,29,1,2,0,2297,2,2,2,3,2,4,10,2,3,8,1090,4,2
556,0,0,19,53,2,2,2,2450,2,2,0,3,4,4,6,1,3,2,346,4,4
557,0,0,16,35,2,0,0,5093,0,1,1,3,1,4,2,1,4,0,1225,1,2
558,0,0,10,32,2,8,1,5309,7,10,2,3,4,1,24,1,3,2,430,4,2
559,0,1,6,38,1,0,1,3057,1,1,1,3,3,4,2,1,1,6,268,2,0
560,0,0,7,34,2,0,0,5121,0,0,1,3,1,2,8,1,3,4,167,3,3
562,1,1,10,33,1,9,2,2686,8,10,0,3,4,4,1,1,2,6,527,3,2
563,0,0,6,25,2,5,2,6180,4,6,0,3,4,3,26,2,2,7,883,2,5
564,0,0,9,45,2,7,2,6632,1,8,0,1,3,2,2,2,3,8,954,1,3
565,0,0,2,23,1,2,2,3505,2,2,0,4,3,1,10,1,3,6,310,4,3
566,1,1,8,47,2,4,2,6397,3,5,0,4,3,2,27,2,3,7,719,4,2
567,0,0,6,34,2,5,2,6274,4,6,0,3,4,4,2,2,3,7,304,3,5
568,1,1,24,55,5,2,1,19859,4,5,1,3,1,4,2,1,3,3,725,4,2
569,0,0,10,36,3,7,2,7587,9,10,0,2,1,1,8,2,3,7,1434,2,1
570,0,0,5,52,1,3,1,4258,2,4,1,3,4,4,19,1,3,6,715,1,3
571,0,0,5,26,1,2,0,4364,0,2,1,1,4,1,1,1,3,2,575,1,2
572,0,0,11,29,2,7,1,4335,1,8,1,3,3,2,27,1,2,0,657,1,3
573,1,0,6,26,2,3,2,5326,2,4,0,2,1,4,8,2,2,7,1146,3,2
574,0,0,10,34,1,2,2,3280,3,4,0,4,4,2,1,1,3,6,182,3,2
576,0,0,5,27,2,2,1,4342,1,4,1,3,4,3,8,2,3,7,829,2,3
577,0,1,6,37,1,3,0,2782,3,5,2,3,1,4,10,1,2,6,571,2,3
578,0,1,17,38,2,7,2,5980,12,15,0,4,1,1,2,1,3,4,240,4,2
579,0,0,6,34,1,5,2,4381,3,6,0,2,1,3,2,1,3,6,121,3,3
580,0,0,3,35,1,2,1,2572,2,3,1,3,4,1,8,2,2,8,384,2,1
581,0,0,7,30,1,2,1,3833,2,2,2,1,3,4,1,1,3,2,921,3,2
582,0,0,8,40,2,7,1,4244,7,8,1,4,2,3,2,1,3,0,791,4,2
583,0,0,6,34,2,2,1,6500,2,3,1,3,1,3,8,2,3,7,1111,2,1
584,0,0,24,42,5,7,0,18430,9,24,1,3,4,2,8,1,2,3,570,2,4
585,1,1,1,23,1,0,1,1601,0,0,2,4,1,3,6,1,3,2,1243,3,2
586,0,0,1,24,1,0,0,2694,0,1,3,2,2,3,9,1,3,2,1092,3,4
587,0,0,9,52,2,2,1,3149,4,5,1,3,3,4,11,1,3,2,1325,2,3
588,0,0,30,50,4,3,1,17639,3,4,0,3,3,3,2,1,3,5,691,4,3
589,1,1,1,29,1,0,1,2319,0,1,1,2,1,2,1,1,3,2,805,4,1
590,0,0,14,33,3,9,1,11691,7,13,0,3,3,3,7,1,4,5,213,4,3
591,1,0,6,33,2,2,2,5324,2,3,0,3,1,1,16,2,3,7,118,3,3
592,0,1,26,47,4,14,1,16752,0,26,1,3,4,3,2,1,2,3,202,3,3
593,0,0,10,36,2,7,1,5228,5,9,1,3,2,3,1,1,3,4,676,1,2
594,0,0,10,29,1,7,1,2700,7,10,1,4,3,3,23,1,3,6,1252,3,3
596,0,0,7,35,1,2,2,2506,2,2,0,4,3,4,1,1,3,6,1258,3,0
598,1,0,5,28,1,2,2,4382,1,2,0,3,3,3,2,1,2,6,890,4,3
599,0,0,8,36,1,2,1,2143,4,5,1,3,2,3,13,0,3,1,1041,2,2
600,0,0,14,32,2,13,1,6162,8,14,1,2,3,3,4,1,3,4,859,3,3
601,0,0,10,40,2,0,2,5094,0,1,0,2,3,1,16,1,3,2,720,4,6
602,0,1,12,30,2,0,2,6877,0,0,0,2,4,3,2,1,2,4,946,2,4
603,0,0,1,45,1,0,2,2274,0,1,0,2,3,2,2,1,3,6,252,4,3
604,0,0,10,42,2,8,1,4434,8,9,1,3,2,2,29,1,2,4,933,4,3
605,0,0,13,38,2,3,0,6288,2,4,1,2,1,1,12,1,2,0,471,3,3
606,0,0,6,34,1,2,2,2553,3,5,0,2,4,3,16,1,3,6,702,3,3
607,1,0,9,49,3,8,1,7654,7,9,2,3,4,3,11,2,4,7,1184,1,3
608,1,0,12,55,2,7,2,5160,3,9,0,3,4,3,2,2,2,7,436,3,3
609,0,0,22,43,4,1,1,17159,0,4,1,3,1,2,14,1,3,5,589,3,3
610,0,1,9,27,3,8,0,12808,8,9,1,2,4,3,5,1,3,5,269,2,3
611,0,0,17,35,3,5,2,10221,6,8,0,3,3,3,7,1,4,4,950,2,3
612,0,1,8,28,2,7,1,4779,5,8,0,3,2,2,2,2,3,7,760,1,2
613,0,0,4,34,1,2,1,3737,2,3,1,3,4,3,3,0,1,1,829,3,1
614,1,1,8,26,1,7,1,2366,7,8,1,2,3,3,5,1,3,6,887,1,2
615,0,0,0,27,1,0,1,1706,0,0,3,3,4,4,3,1,2,6,443,3,6
618,0,0,6,25,1,3,2,3424,1,4,0,4,1,1,2,1,2,6,180,3,3
619,0,0,9,33,2,8,0,4037,8,9,1,4,1,1,1,2,3,7,586,1,5
620,0,0,6,35,1,5,2,2559,1,6,0,2,1,3,27,1,2,6,1343,4,3
621,0,1,18,36,2,14,1,6201,11,18,1,3,4,2,1,2,2,7,928,4,1
622,0,0,8,32,2,2,0,4403,3,5,1,3,4,2,13,2,2,7,117,3,3
624,0,1,35,53,3,2,1,10934,4,5,1,2,4,1,7,2,3,7,661,4,3
625,0,1,18,45,3,4,0,10761,2,5,1,3,1,4,9,2,3,7,930,3,2
626,0,0,9,32,2,3,1,5175,3,5,1,4,3,3,8,1,2,6,638,3,3
627,0,0,31,52,4,8,1,13826,0,9,0,2,4,3,25,1,3,4,890,3,3
628,0,0,9,37,2,0,0,6334,0,1,2,2,3,4,16,2,3,7,342,4,2
629,0,0,6,28,1,1,0,4936,4,5,1,2,4,2,8,0,3,1,1169,4,6
630,0,0,4,22,2,2,1,4775,2,2,2,2,4,4,1,1,1,4,1230,1,2
631,0,1,10,44,1,2,1,2818,2,3,1,4,4,1,8,1,2,2,986,3,2
632,0,1,8,42,1,1,2,2515,2,2,0,3,4,2,2,1,3,6,1271,4,2
633,0,0,6,36,1,4,1,2342,3,5,0,2,1,1,8,0,3,1,1278,3,3
634,0,1,5,25,2,3,1,4194,3,5,0,3,1,3,3,2,3,7,141,4,3
635,0,1,17,35,3,14,1,10685,15,17,1,2,3,4,9,1,3,4,607,2,2
636,1,1,10,35,1,2,0,2022,8,10,1,3,2,4,25,1,2,6,130,1,3
637,0,0,4,32,1,0,0,2314,2,3,1,3,4,4,1,1,3,2,300,2,2
638,0,0,5,25,2,2,1,4256,3,5,0,2,1,3,4,2,4,7,583,1,1
639,0,0,7,49,1,2,1,3580,2,4,1,3,1,3,1,1,3,6,1418,2,2
640,0,0,6,24,1,2,1,3162,4,5,0,2,4,1,4,1,2,2,1269,4,2
641,0,0,10,32,2,8,1,6524,3,10,1,3,2,2,5,2,3,7,379,4,3
642,0,0,3,38,1,2,1,2899,2,2,1,2,2,2,9,2,3,8,395,4,3
643,0,1,17,42,2,3,1,5231,3,5,1,4,4,3,3,1,2,2,1265,2,1
644,0,1,8,31,1,4,1,2356,2,6,1,3,4,4,11,1,3,6,1222,2,2
645,1,1,5,29,1,2,0,2800,2,3,3,2,3,2,1,2,3,8,341,3,3
646,0,0,28,53,4,0,1,11836,2,2,1,3,4,1,8,2,3,7,868,3,3
647,0,0,16,35,3,10,1,10903,8,13,0,2,2,4,25,1,3,4,672,1,2
648,0,0,10,37,1,4,1,2973,0,5,1,3,4,3,21,2,3,8,1231,2,3
649,0,0,33,53,4,9,2,14275,8,12,0,3,4,4,23,1,3,5,102,3,0
650,0,0,12,43,2,2,1,5562,2,5,1,3,4,4,1,1,2,0,422,2,2
651,0,1,8,47,2,6,1,4537,7,7,1,3,4,3,2,2,3,7,249,1,2
652,0,1,10,37,3,0,2,7642,9,10,0,3,2,1,19,2,3,7,1252,4,2
653,0,0,31,50,4,6,0,17924,7,31,1,3,1,1,2,1,3,3,881,4,3
654,0,0,13,39,2,4,1,5204,4,5,2,2,4,4,2,0,3,1,1383,3,2
655,0,1,7,33,1,3,0,2277,3,4,1,3,2,4,3,0,4,1,1075,3,4
656,1,1,1,32,1,0,2,2795,1,1,0,3,4,1,25,1,1,2,374,3,2
657,0,0,8,29,1,3,0,2532,3,4,3,2,4,1,7,1,3,2,1086,3,5
658,0,1,8,44,1,7,1,2559,1,8,0,3,1,2,9,1,3,6,661,4,0
659,0,0,4,28,2,2,2,4908,2,4,0,3,4,1,5,2,3,7,821,2,3
661,0,0,4,43,2,0,0,4765,0,1,1,3,2,1,8,1,4,4,177,3,2
662,1,0,2,20,1,2,2,2044,2,2,0,2,3,3,2,2,2,8,500,4,3
663,1,0,1,21,1,0,2,2693,0,1,0,3,4,4,18,1,2,6,1427,1,3
664,0,1,17,36,2,8,1,6586,11,16,1,3,4,3,14,1,2,0,1425,1,2
665,0,1,3,47,1,2,2,3294,2,3,0,2,4,4,2,2,2,8,1454,1,3
666,1,1,4,22,2,2,1,4171,2,3,1,3,3,2,3,1,4,4,617,1,3
667,1,1,10,41,1,7,0,2778,0,7,1,1,4,2,2,1,2,2,1085,3,1
668,0,0,6,28,1,2,0,2377,2,2,1,3,3,3,9,1,3,6,995,2,2
669,1,1,8,39,1,2,1,2404,2,2,0,3,1,4,6,1,1,2,1122,4,2
670,0,0,1,27,1,1,2,2318,0,1,0,3,3,2,4,1,3,6,618,3,2
671,0,0,1,34,1,0,0,2008,0,1,2,3,2,2,10,1,3,2,546,2,3
672,0,0,10,42,2,4,2,6244,3,5,0,2,3,3,14,2,3,7,462,1,6
673,0,1,6,33,1,2,2,2799,2,3,0,2,1,3,1,1,3,6,1198,2,1
674,0,1,24,58,3,0,0,10552,4,6,1,2,2,3,5,1,3,0,1272,4,3
675,0,0,13,31,1,7,1,2329,2,7,0,2,3,2,7,2,4,8,154,2,2
676,0,1,10,35,2,6,1,4014,7,10,1,3,4,4,21,1,1,0,1137,4,2
677,0,0,29,49,3,9,1,7403,7,26,1,3,2,1,8,1,2,2,527,3,3
678,0,0,13,48,1,0,1,2259,0,0,2,3,3,4,20,1,2,6,1469,1,2
679,0,0,9,31,2,8,1,6932,0,9,1,3,3,4,20,2,2,7,1188,4,2
680,0,0,8,36,1,2,2,4678,1,6,0,3,4,2,7,1,3,6,188,3,6
681,0,0,15,38,3,12,1,13582,11,15,1,3,1,4,1,1,3,5,1333,2,3
682,0,0,5,32,1,0,1,2332,2,3,0,2,2,3,1,1,3,2,1184,3,3
683,1,1,1,25,1,0,1,2413,0,1,3,2,2,3,19,2,3,8,867,3,2
684,0,0,11,40,3,0,0,9705,0,1,1,2,2,1,10,2,2,7,658,2,2
685,0,0,7,26,2,7,2,4294,7,7,0,2,1,3,1,2,3,7,1283,2,2
687,0,0,16,36,1,8,2,2519,9,11,0,3,3,3,2,1,3,2,938,3,6
688,1,1,1,19,1,0,2,2121,0,1,0,2,2,4,21,2,4,8,419,2,3
689,1,0,1,20,1,0,2,2973,0,1,0,3,1,1,4,1,3,2,129,2,2
690,0,1,10,31,2,7,1,5855,5,9,2,3,4,4,12,1,1,0,616,3,2
691,0,1,3,40,1,1,0,3617,0,1,1,3,2,4,9,1,3,6,1469,4,2
692,0,0,8,32,2,7,1,6725,3,8,1,3,1,3,3,1,4,4,498,3,2
693,1,1,16,36,3,7,1,10325,7,16,1,2,4,3,3,2,3,7,530,1,6
694,0,0,6,33,2,0,2,6949,4,5,0,2,4,2,1,1,3,0,1069,1,3
695,1,0,17,37,3,1,1,10609,7,14,0,2,3,1,1,2,1,7,625,3,2
696,0,0,9,45,2,7,1,4447,8,9,0,3,2,3,4,1,2,2,805,2,5
697,0,0,3,29,1,1,1,2157,2,3,1,3,4,3,20,2,3,8,1404,2,5
698,0,0,5,35,2,2,1,4601,0,5,0,3,3,3,18,2,3,7,1219,2,3
699,0,0,26,52,4,8,1,17099,8,9,1,3,4,4,1,1,2,3,1053,2,2
700,1,0,7,58,1,0,2,2479,0,1,0,3,3,4,2,1,3,6,289,1,4
702,0,0,10,30,3,4,0,7264,7,8,1,3,3,3,8,2,4,7,231,1,2
703,0,1,6,38,2,3,2,5666,3,5,0,3,4,3,10,2,3,7,152,2,1
704,0,0,12,35,3,9,0,7823,8,10,1,3,4,4,3,2,3,7,882,2,2
705,0,0,9,39,3,7,2,7880,7,8,0,4,3,1,2,2,3,7,903,4,3
706,1,1,22,40,4,0,2,13194,0,1,0,4,2,2,24,2,2,7,1479,4,2
707,0,1,20,47,2,10,0,5067,7,19,0,4,3,3,16,1,4,4,1379,3,3
708,0,0,12,36,2,7,0,5079,7,7,2,3,4,1,8,2,3,7,1229,4,3
709,1,1,4,31,1,2,2,2321,2,3,0,2,1,3,9,1,3,6,335,1,0
710,0,0,10,33,4,8,2,17444,0,10,0,3,3,4,17,2,3,3,722,4,2
711,1,1,3,29,1,0,2,2404,0,0,0,2,1,4,10,1,3,6,906,3,5
712,0,0,5,33,1,2,2,3452,2,3,0,3,4,2,13,1,3,6,461,1,4
713,0,0,8,45,1,3,0,2270,2,5,2,3,4,4,1,1,3,2,974,4,2
715,0,1,6,33,2,5,1,5488,2,6,1,4,2,3,1,1,3,0,827,1,2
716,0,0,21,41,5,16,0,19419,11,18,1,3,3,1,9,1,4,5,840,2,2
718,0,1,9,45,2,8,1,3633,8,9,1,3,1,4,23,1,3,2,248,3,2
719,0,1,9,47,2,0,2,4163,7,9,0,3,4,4,4,2,3,7,955,3,0
720,1,1,7,30,1,2,1,2132,1,5,0,3,3,1,22,1,3,6,138,2,2
721,0,1,22,50,4,11,1,13973,5,12,1,3,3,4,24,1,3,4,939,4,2
722,0,0,3,38,1,1,1,2684,2,2,1,3,3,3,10,1,2,6,1391,2,0
723,0,0,13,46,3,7,0,10845,7,8,1,3,3,4,7,1,3,4,566,2,3
724,0,0,5,24,2,2,0,4377,2,4,2,2,3,4,17,1,3,4,1206,2,6
725,1,1,5,35,1,2,0,3743,2,4,1,2,2,3,14,1,1,2,622,4,2
726,0,0,4,31,2,3,1,4148,3,4,1,3,1,3,1,1,3,4,853,3,1
727,0,0,0,18,1,0,2,1051,0,0,0,3,4,2,5,1,3,6,287,4,2
728,0,0,22,54,3,7,1,10739,8,10,1,3,3,3,17,1,3,4,1441,3,2
729,0,1,16,35,3,10,0,10388,1,16,1,3,3,3,25,1,2,0,583,3,3
730,0,1,9,30,3,7,1,11416,7,8,3,4,1,2,8,1,2,5,153,3,4
731,1,1,1,20,1,0,2,2600,0,1,0,2,1,4,11,1,3,6,1097,1,2
732,1,0,4,30,1,2,2,2422,2,3,0,3,2,2,5,1,3,2,109,1,3
733,0,0,8,26,2,7,1,5472,3,8,0,4,4,4,2,1,3,4,1066,2,2
734,0,0,4,22,1,3,1,2451,1,4,1,1,1,2,8,1,2,2,217,1,3
735,0,0,19,48,2,2,2,4240,2,2,0,2,3,1,6,1,3,0,277,4,0
736,0,0,27,48,3,11,2,10999,8,15,0,2,3,3,4,1,3,0,1355,2,3
737,0,0,8,41,2,2,2,5003,1,2,0,3,3,4,7,1,3,4,549,2,6
738,0,0,21,39,4,6,1,12742,8,21,1,2,4,4,1,1,3,4,466,3,3
739,0,0,4,27,2,2,1,4227,2,3,1,3,4,1,2,1,3,4,1055,2,2
740,0,0,3,35,1,2,0,3917,2,3,1,3,4,2,10,1,2,2,802,1,4
741,0,0,21,42,5,0,1,18303,0,1,0,3,3,4,5,2,4,3,265,2,3
742,0,0,8,50,1,0,1,2380,0,1,0,3,4,1,9,1,3,2,804,2,5
743,0,1,30,59,4,3,2,13726,3,5,0,2,4,3,2,1,3,4,715,1,4
744,1,0,15,37,2,0,1,4777,0,1,0,1,2,1,11,1,1,0,1141,1,2
745,0,1,17,55,2,7,1,6385,7,8,2,3,2,3,18,1,3,0,135,4,3
746,0,0,21,41,5,16,0,19973,10,21,2,1,3,2,7,1,3,5,247,2,3
747,0,1,19,38,2,0,2,6861,0,1,0,3,4,2,3,2,3,7,1035,3,1
748,1,0,7,26,2,2,2,4969,2,2,0,1,1,2,29,2,3,7,265,4,6
749,1,0,33,52,5,14,1,19845,9,32,1,1,4,1,2,2,3,3,266,4,3
750,0,1,23,44,4,11,1,13320,11,12,1,4,4,4,28,2,3,7,1448,3,2
751,0,0,19,50,2,7,1,6347,13,18,1,3,3,4,1,2,3,7,145,1,3
753,0,1,21,39,3,6,2,10880,8,21,0,3,1,4,22,1,3,4,945,3,2
754,0,0,3,33,1,2,2,2342,2,2,0,2,4,2,8,2,2,8,1038,4,2
755,0,0,26,45,4,3,1,17650,1,9,1,3,4,4,11,2,4,3,1234,2,4
757,0,0,16,34,2,1,0,9725,9,15,1,4,4,2,1,2,2,7,216,4,2
758,0,1,14,59,3,4,1,11904,4,6,1,3,4,2,1,2,1,3,1089,3,1
759,0,0,6,45,1,3,2,2177,4,6,0,3,2,2,24,0,3,1,788,1,3
760,0,0,30,53,3,7,1,7525,12,15,1,2,2,3,2,2,3,7,124,1,2
761,1,0,9,36,2,0,0,4834,0,1,1,3,3,1,15,1,2,2,660,2,3
762,1,1,6,26,1,2,1,2042,2,3,1,3,1,1,2,1,3,6,342,2,2
763,0,1,1,34,1,1,1,2220,0,1,1,3,3,3,10,2,3,8,1333,4,2
764,0,0,1,28,1,0,1,1052,0,1,0,3,2,4,10,2,3,8,1144,2,5
765,0,0,8,38,1,2,1,2821,2,2,1,3,3,3,3,1,3,6,1186,1,2
766,0,1,29,50,5,1,1,19237,7,8,1,3,3,2,2,1,2,5,1464,4,2
767,0,0,8,37,2,3,2,4107,1,4,0,3,2,4,3,1,2,0,124,1,3
768,0,0,8,40,2,7,1,8396,5,7,1,3,1,3,26,2,2,7,300,2,3
769,0,0,5,26,1,3,0,2007,3,5,2,2,3,1,1,1,3,6,921,3,5
771,0,0,13,54,3,4,1,10686,0,9,1,2,3,3,2,2,3,7,1082,2,4
772,0,0,18,56,1,4,1,2942,3,5,1,3,3,1,9,1,3,6,1240,2,4
773,0,0,15,36,3,8,2,8858,8,14,0,2,4,4,12,1,2,4,796,2,2
774,0,0,31,55,4,7,2,16756,2,9,0,2,1,3,2,1,4,3,444,2,3
775,0,0,18,43,3,0,0,10798,0,1,1,2,4,3,25,2,3,7,415,3,5
776,1,1,2,20,1,2,2,2323,2,2,0,3,4,4,9,2,3,8,769,2,3
777,1,0,1,21,1,0,2,1416,0,1,0,2,1,3,10,1,2,2,1334,1,6
778,0,1,19,46,2,13,0,4615,7,16,3,2,1,4,8,1,3,6,1003,1,2
780,1,0,10,28,3,7,2,8722,9,10,0,2,1,2,24,1,2,0,1366,1,2
781,0,0,6,26,1,3,1,3955,3,5,2,2,1,1,1,1,3,2,192,1,2
782,0,0,7,30,2,2,1,9957,2,6,1,3,1,3,20,1,2,4,1176,3,1
783,0,0,10,41,1,6,1,3376,8,10,0,4,3,2,7,1,3,6,509,3,3
784,0,0,20,38,3,9,1,8823,9,19,1,2,3,3,17,1,2,0,330,1,4
785,0,0,14,40,3,10,1,10322,1,11,1,3,4,1,20,1,3,0,1492,4,6
786,0,0,3,27,1,2,1,4621,2,3,3,1,3,1,8,1,3,2,1277,4,4
787,0,0,23,55,3,2,1,10976,2,3,1,3,2,4,2,1,3,4,1091,2,4
788,0,0,10,28,2,7,2,3660,7,8,0,3,3,3,10,1,4,6,857,4,4
790,0,0,9,33,3,2,0,7119,2,3,1,2,4,4,5,1,3,0,654,3,2
791,1,1,9,35,3,7,2,9582,7,8,0,3,1,4,4,2,3,7,1204,1,2
792,1,0,14,33,2,7,2,4508,8,13,0,2,3,1,29,1,3,6,827,2,4
793,0,0,4,28,1,2,0,2207,2,4,1,3,3,1,15,1,2,2,895,4,5
794,0,0,7,34,2,2,2,7756,4,6,0,3,4,1,3,1,2,0,618,3,1
795,0,1,8,37,2,0,0,6694,0,1,3,2,4,4,10,2,3,7,309,3,5
796,1,1,7,25,1,7,1,3691,6,7,1,3,4,4,4,1,4,2,1219,2,3
797,1,0,1,26,1,1,0,2377,0,1,1,3,3,1,21,1,2,2,1330,3,0
798,1,1,5,33,1,2,2,2313,2,2,0,2,2,1,25,1,3,6,1017,2,0
799,0,0,23,42,4,6,1,17665,7,22,1,3,1,4,2,1,3,3,469,4,3
800,1,0,1,28,1,0,0,2596,0,1,2,2,2,1,1,1,3,2,1009,1,2
801,1,1,5,50,2,0,2,4728,0,0,0,3,3,4,1,2,3,7,959,4,4
802,0,0,4,33,2,2,1,4302,2,3,1,3,2,4,7,2,3,7,970,3,3
803,0,0,6,34,1,0,1,2979,0,0,3,2,4,3,3,1,3,6,697,4,2
804,0,0,27,48,4,4,2,16885,1,5,0,4,4,1,1,1,2,3,1262,3,3
805,0,0,15,45,2,10,1,5593,12,15,1,2,3,2,9,2,3,7,1050,4,2
806,0,0,18,52,3,6,2,10445,0,8,0,3,2,2,7,1,3,0,994,4,4
807,0,1,9,38,3,7,0,8740,7,8,2,2,3,3,10,2,3,7,770,2,2
808,0,0,11,29,1,5,0,2514,7,7,1,3,4,3,28,1,3,6,1107,1,1
809,0,0,10,28,3,7,0,7655,7,9,3,3,2,4,3,1,2,4,950,2,3
810,0,0,23,46,4,9,1,17465,9,12,1,3,3,1,3,2,3,3,406,4,3
811,0,0,10,38,3,0,2,7351,0,1,0,3,2,4,2,2,3,7,130,3,2
812,0,0,18,43,3,7,1,10820,1,8,1,3,1,3,27,1,3,4,1082,3,1
813,1,0,21,39,4,7,0,12169,5,18,3,3,4,1,2,1,3,0,203,4,4
814,0,0,21,40,5,7,2,19626,9,20,0,2,3,3,14,1,4,5,1308,1,2
815,0,1,2,21,1,2,2,2070,2,2,0,2,2,4,1,1,4,6,984,3,6
817,0,0,18,36,2,9,2,7779,9,11,0,3,4,1,18,1,3,4,217,1,0
818,0,0,3,31,1,2,1,2791,2,2,1,4,4,3,20,2,3,8,793,1,4
819,0,0,6,28,1,3,1,3201,4,5,0,2,2,1,2,1,1,6,1451,1,2
820,0,0,5,35,2,2,0,4968,2,5,1,3,4,4,11,2,3,7,1182,4,3
821,0,0,22,49,4,8,1,13120,3,9,1,2,2,4,8,2,3,7,174,2,3
822,0,0,5,34,2,2,2,4033,2,3,0,3,3,4,2,1,2,4,1003,4,3
823,0,0,8,29,1,5,0,3291,1,7,2,3,2,4,10,1,2,6,490,4,2
824,0,0,16,42,2,0,2,4272,0,1,0,1,4,2,29,1,3,2,188,1,3
825,0,1,10,29,2,7,1,5056,2,10,1,2,4,2,8,1,2,4,718,3,2
826,0,0,7,38,1,6,1,2844,0,7,1,4,3,3,1,0,4,1,433,4,2
827,0,1,3,28,1,1,0,2703,2,3,1,2,3,3,6,1,3,6,773,4,2
828,1,0,0,18,1,0,2,1904,0,0,0,3,3,3,8,1,3,2,247,4,0
829,1,1,6,33,2,2,2,8224,3,5,0,3,1,1,9,2,3,7,603,1,3
830,0,1,6,41,1,0,1,4766,0,1,1,3,4,2,12,1,3,2,167,1,4
831,1,0,2,31,1,2,1,2610,2,2,1,3,3,3,15,1,2,2,874,3,5
832,0,0,9,37,2,2,0,5731,3,6,2,2,4,3,25,1,3,0,367,3,2
833,0,0,4,27,1,2,1,2539,2,4,1,2,3,4,6,1,3,6,199,3,0
834,0,0,6,34,2,5,1,5714,3,6,0,3,3,2,9,2,2,7,1400,1,3
835,0,0,6,35,1,4,2,4323,4,5,0,3,3,3,8,0,1,1,528,2,2
836,1,0,11,29,3,8,1,7336,10,11,1,2,1,4,23,2,1,7,408,1,3
838,1,1,22,42,4,9,2,13758,14,21,0,3,1,3,12,2,2,7,481,2,2
839,0,0,9,42,2,4,2,5155,5,6,0,3,1,2,4,2,4,7,647,4,3
840,0,0,10,35,1,0,1,2258,7,8,1,2,3,4,1,1,3,2,982,2,2
841,0,0,6,24,1,3,2,3597,2,4,0,3,2,4,24,1,3,2,477,4,2
842,1,1,1,28,1,1,1,2515,0,1,0,3,4,3,12,1,2,2,1485,4,4
843,0,0,8,26,1,7,1,4420,7,8,1,4,4,1,3,1,3,2,1384,2,2
844,0,0,10,30,2,3,1,6578,4,10,1,2,3,3,10,2,3,7,852,1,3
845,0,1,16,40,2,1,1,4422,0,1,1,2,4,3,26,1,1,6,902,4,3
846,0,0,15,35,3,7,0,10274,4,7,1,2,2,3,2,1,4,4,819,2,2
847,0,0,14,34,2,9,2,5343,9,13,0,2,1,4,1,1,3,0,669,3,3
848,0,0,2,35,1,2,1,2376,2,2,1,2,4,4,4,1,4,2,636,2,2
849,1,0,7,43,2,3,2,5346,3,4,0,1,3,1,9,2,2,7,1372,2,2
850,0,0,1,32,1,0,0,2827,0,1,3,3,1,3,2,2,3,8,862,3,3
851,0,0,28,56,5,2,0,19943,2,5,1,3,1,4,4,1,3,3,718,4,2
852,0,0,10,29,1,8,1,3131,8,10,1,3,4,2,6,1,3,2,1401,1,5
853,0,0,1,19,1,1,2,2552,0,1,0,3,1,3,9,1,3,6,645,3,4
854,0,1,7,45,1,2,1,4477,2,3,1,3,3,1,7,1,2,6,1457,3,2
855,0,0,14,37,2,8,1,6474,11,14,1,2,4,4,1,1,2,4,977,2,2
856,0,0,2,20,1,2,2,3033,2,2,0,2,3,1,3,1,2,2,805,1,2
857,1,1,6,44,1,4,2,2936,2,6,0,3,3,3,10,1,3,6,1097,3,4
858,0,0,26,53,5,7,0,18606,7,7,1,3,3,4,7,1,3,3,1223,2,6
859,0,1,6,29,1,4,1,2168,3,5,1,1,4,2,15,1,2,6,942,1,2
860,1,1,1,22,1,0,1,2853,0,0,1,2,4,3,3,1,3,6,1256,2,5
862,0,0,6,44,1,0,2,2290,0,0,0,1,3,4,17,1,3,6,111,4,3
863,0,0,5,33,1,4,1,3600,4,5,1,3,3,2,2,0,3,1,147,4,2
864,1,0,5,41,1,0,0,2107,0,1,1,2,1,1,5,1,1,6,906,1,2
865,0,0,8,30,2,3,0,4115,3,4,3,3,1,3,29,2,3,7,1329,3,3
866,0,0,5,40,2,0,1,4327,0,0,3,3,2,2,2,2,3,7,1184,4,2
867,0,0,32,50,4,2,1,17856,2,2,1,3,1,4,2,1,3,3,1421,3,3
868,0,0,6,28,1,5,1,3196,3,6,3,2,1,4,19,1,3,2,1179,3,2
869,0,0,25,46,5,2,1,19081,3,4,1,3,2,4,15,1,3,5,1450,1,2
870,0,1,15,35,2,7,1,8966,7,7,3,3,1,3,17,2,3,7,1361,4,2
871,1,0,1,24,1,0,1,2210,0,1,1,3,2,4,17,1,1,2,984,1,3
872,0,0,10,33,2,7,1,4539,1,10,1,3,3,2,25,2,2,7,1146,1,3
873,0,0,7,36,1,7,0,2741,7,7,1,1,3,3,6,1,3,2,917,3,4
874,0,0,10,30,2,7,0,3491,9,10,3,3,3,3,7,1,2,2,853,1,4
876,0,0,2,20,1,1,2,2678,2,2,0,4,4,3,21,2,3,8,654,4,2
877,0,0,12,46,2,3,0,7379,4,6,1,3,4,4,2,1,2,4,150,3,3
878,0,0,10,42,2,3,1,6272,3,4,1,4,1,4,2,0,4,1,179,1,3
879,0,1,12,60,2,7,0,5220,9,11,1,4,4,2,7,2,3,7,696,2,3
880,0,0,2,32,1,2,1,2743,2,2,1,2,2,3,13,1,3,2,116,3,2
881,0,1,10,32,2,7,2,4998,7,8,0,3,3,4,2,1,3,6,1316,4,2
882,0,1,17,36,3,7,0,10252,7,7,1,1,1,3,1,1,3,4,363,3,2
883,0,0,15,33,1,10,1,2781,10,14,1,3,4,1,9,1,3,6,117,2,5
884,0,0,7,40,2,1,0,6852,3,5,1,2,2,2,10,2,4,7,107,2,2
885,0,0,5,25,2,3,2,4950,1,4,0,3,4,3,10,2,3,7,1356,2,4
886,0,1,12,30,1,9,1,3579,7,11,1,3,2,4,1,1,3,6,1465,1,2
887,0,1,20,42,3,0,1,13191,0,1,0,3,1,1,26,1,3,5,458,3,6
888,0,1,16,35,3,2,1,10377,12,13,1,2,4,3,8,2,2,7,1212,2,6
889,0,1,9,27,1,7,1,2235,8,9,2,3,1,1,14,1,2,6,1103,4,3
890,0,0,33,54,3,4,0,10502,4,5,1,3,3,4,1,1,1,4,966,1,2
891,0,0,10,44,1,5,1,2011,7,10,1,4,4,1,2,1,3,6,1117,4,5
892,1,1,1,19,1,1,2,1859,0,1,0,2,2,1,10,1,4,6,504,2,2
893,0,0,3,29,1,2,0,3760,2,3,3,3,4,1,1,1,3,6,1010,1,5
895,0,1,6,31,2,5,1,6833,1,6,0,3,1,3,11,1,2,0,1332,4,2
896,0,0,10,31,2,9,2,6812,8,10,0,2,1,3,24,1,3,0,1062,2,2
897,0,0,13,59,2,1,2,5171,5,6,0,2,4,3,3,2,3,7,326,4,2
898,0,0,25,43,5,7,1,19740,7,8,1,1,4,3,3,1,3,5,920,2,2
899,0,0,23,49,5,0,1,18711,0,1,1,2,3,1,4,1,4,3,1098,3,2
900,0,0,12,36,1,10,1,3692,7,11,0,3,2,3,3,1,2,6,469,3,2
901,0,0,7,48,1,0,2,2559,0,1,0,4,2,4,2,1,2,2,969,3,4
902,0,0,5,27,1,3,0,2517,3,5,3,3,3,1,4,1,3,6,1167,2,2
903,0,1,6,29,2,0,0,6623,0,6,2,3,4,3,7,1,3,0,1329,2,2
904,0,0,25,48,5,0,2,18265,0,1,0,2,4,4,1,1,4,5,715,3,3
905,0,0,9,29,4,7,0,16124,7,7,2,2,4,4,1,1,2,5,694,2,2
906,0,0,2,34,1,0,1,2585,0,1,0,4,3,3,20,1,2,6,1320,4,5
907,0,0,26,44,5,9,1,18213,10,22,1,3,2,2,5,2,3,3,1099,3,5
908,0,1,10,33,3,8,0,8380,8,9,2,4,3,4,10,2,3,7,536,4,3
909,0,1,1,19,1,0,2,2994,1,1,0,4,4,2,25,1,3,6,265,4,2
910,0,0,1,23,1,0,1,1223,1,1,1,3,3,4,1,1,3,6,373,4,2
911,1,1,1,25,1,0,2,1118,0,1,0,1,4,3,24,2,3,8,599,4,4
912,0,1,8,26,1,5,2,2875,2,8,0,3,4,3,4,1,2,6,583,2,2
913,1,1,26,45,5,10,2,18824,11,24,0,1,2,1,2,2,3,3,1449,1,2
915,1,0,2,21,1,2,2,2625,2,2,0,2,3,1,10,1,1,2,251,3,2
916,0,0,26,46,5,4,1,18789,8,11,1,2,2,4,4,2,3,3,168,3,2
917,0,1,4,34,2,2,2,4538,2,3,0,3,1,3,2,2,3,7,131,4,3
918,0,1,31,51,5,10,0,19847,10,29,1,3,2,4,9,2,2,3,237,1,5
919,0,0,25,59,3,7,2,10512,4,9,0,3,4,4,18,1,2,4,1429,4,6
920,0,0,15,34,2,8,0,4444,10,11,2,3,2,3,19,1,4,2,135,3,2
921,0,1,5,28,1,2,2,2154,2,4,0,3,3,4,1,1,2,2,791,3,2
922,0,0,26,44,5,9,0,19190,13,25,2,4,1,3,4,1,2,3,1199,4,4
923,0,0,14,34,2,9,1,4490,8,10,2,2,2,3,11,0,4,1,648,4,5
924,0,1,4,35,1,2,1,3506,2,3,0,3,3,3,6,1,3,6,735,4,3
925,0,1,18,42,2,0,1,2372,0,1,0,4,2,2,7,1,3,6,603,4,2
928,1,0,10,44,3,7,1,7978,5,10,1,3,4,1,15,1,3,0,621,4,2
929,0,1,2,28,1,2,1,3867,2,2,1,2,4,4,2,1,3,2,193,2,2
930,0,0,8,51,1,0,2,2838,7,7,0,2,3,2,6,1,2,2,968,2,6
931,0,1,10,30,2,4,2,4695,7,8,0,3,3,3,9,1,3,4,879,3,3
932,1,1,10,29,1,7,0,3339,7,7,2,3,3,2,7,1,3,2,806,1,2
933,0,0,5,28,1,2,2,2080,2,3,0,3,1,4,1,1,2,6,640,2,2
934,0,0,2,25,1,2,2,2096,1,2,0,3,2,4,1,1,2,6,266,4,3
935,0,0,10,32,2,7,1,6209,8,10,2,4,4,3,8,2,4,7,604,3,4
936,0,0,22,45,5,0,2,18061,0,0,0,3,2,2,25,1,3,3,364,3,4
938,0,0,2,58,1,2,0,2372,2,2,2,3,3,1,23,1,3,6,848,4,3
939,1,0,10,32,2,4,1,4883,1,10,1,3,3,4,7,1,3,2,1089,1,3
940,1,0,6,39,1,2,2,3904,3,5,0,3,1,3,23,1,3,6,360,1,2
941,0,0,10,30,2,2,1,4627,7,9,1,2,4,1,6,1,3,2,1138,1,6
942,0,0,10,36,3,7,1,7094,7,7,0,3,3,4,10,1,3,0,325,1,0
943,0,0,10,46,1,6,2,3423,7,7,0,3,1,4,1,0,4,1,991,3,3
944,0,0,10,28,2,8,1,6674,5,9,3,1,4,3,1,1,3,2,1476,1,6
945,0,1,25,50,4,2,1,16880,2,3,0,3,1,4,28,1,3,5,1322,2,2
946,1,1,9,40,3,4,2,9094,0,5,0,2,2,4,25,2,3,7,299,3,2
948,0,1,9,30,3,1,1,11916,8,9,2,3,1,2,17,1,3,3,634,4,2
949,0,0,9,39,2,7,2,4534,7,8,0,3,3,1,18,1,3,4,524,1,6
950,0,1,10,31,3,8,0,9852,6,10,1,3,3,4,2,2,2,7,587,1,5
951,0,0,19,41,2,2,2,6151,9,19,0,1,2,3,10,2,3,7,256,1,4
952,1,1,3,31,1,2,2,2302,2,3,0,3,2,4,1,2,4,8,1060,1,2
953,1,0,10,44,1,2,1,2362,2,3,0,3,1,1,3,1,4,2,935,3,4
954,0,1,21,42,4,8,1,17861,10,20,0,3,3,3,2,1,2,3,495,4,3
955,0,0,23,55,5,9,1,19187,11,19,1,1,3,4,2,1,3,3,282,4,5
958,0,0,10,34,3,7,0,8500,6,9,1,3,4,4,9,1,2,0,943,4,0
959,0,0,9,40,2,8,2,4661,8,9,0,3,4,3,2,1,3,6,523,3,4
960,0,0,10,41,2,3,0,4103,7,9,1,3,1,3,1,2,3,7,1018,4,2
961,0,1,9,35,2,6,2,4249,1,9,0,3,3,3,4,1,3,6,482,2,3
962,0,1,33,51,4,9,0,14026,10,33,1,3,2,3,5,0,3,3,770,2,2
963,0,0,11,38,2,7,0,6893,7,7,1,3,1,2,2,2,3,7,1009,4,3
964,0,0,10,34,2,8,2,6125,6,10,0,3,1,3,15,2,4,7,507,4,6
965,0,0,7,25,1,2,1,3669,2,3,3,3,4,4,19,1,2,2,882,3,6
966,1,1,31,58,3,9,1,10008,9,10,0,2,1,3,7,1,2,4,601,4,0
967,0,0,7,40,1,2,1,2387,3,4,1,3,2,2,1,1,3,2,329,3,3
968,0,0,17,36,2,7,1,4639,13,15,1,4,1,1,7,2,2,7,607,4,2
969,0,0,11,48,3,9,2,7898,8,10,0,3,4,4,4,1,3,4,855,3,2
970,0,0,5,27,1,0,1,2534,0,1,1,4,4,3,11,2,3,8,1291,2,4
971,0,0,29,51,4,2,2,13142,3,5,0,2,2,4,11,1,2,4,1405,2,1
972,0,0,0,18,1,0,2,1611,0,0,0,3,4,4,1,1,4,2,1124,3,5
973,0,0,10,35,2,7,1,5363,0,9,1,2,4,4,1,1,3,2,817,2,0
974,0,0,8,27,2,2,2,5071,0,6,0,1,4,4,2,2,3,7,793,2,3
975,1,1,24,55,4,7,2,13695,8,19,0,4,3,1,13,2,2,7,267,3,2
977,0,0,5,34,1,4,0,2029,0,5,3,2,3,1,26,1,3,6,999,3,2
978,0,0,15,40,2,11,0,6377,8,12,3,4,3,2,2,1,3,0,1202,2,0
979,0,0,10,34,2,7,1,5429,7,8,2,3,3,2,29,1,3,2,285,1,1
980,1,0,3,31,1,0,2,2785,0,1,0,2,4,3,2,2,4,8,703,3,3
981,1,1,5,35,2,2,1,4614,2,4,1,3,3,4,18,2,2,7,662,3,0
982,0,0,4,38,1,2,0,2610,3,4,3,4,3,4,7,1,3,6,693,4,2
983,0,0,14,34,2,11,2,6687,11,14,0,3,4,3,2,1,4,0,404,4,2
984,0,0,5,28,2,3,1,4724,4,5,1,2,1,3,26,2,3,7,736,3,0
985,1,1,10,31,2,2,1,6179,7,10,2,3,3,4,22,1,2,4,330,4,3
986,0,1,8,39,2,4,1,6120,4,5,2,2,4,1,21,2,4,7,1498,4,2
987,0,0,14,51,3,2,1,10596,2,4,0,3,2,2,2,2,3,7,541,2,5
988,0,1,12,41,2,2,0,5467,3,6,2,3,4,4,22,1,2,6,1200,1,4
989,0,1,8,37,1,4,1,2996,3,6,0,3,3,3,4,1,3,6,1439,4,2
990,0,0,8,33,2,4,1,9998,2,5,0,3,4,2,5,2,4,7,1111,1,2
991,0,1,4,32,2,2,1,4078,2,3,3,3,2,3,2,2,2,7,499,1,3
992,0,0,13,39,3,4,1,10920,5,6,1,3,3,3,25,1,3,0,1485,2,2
993,0,0,6,25,2,2,1,6232,2,3,0,4,3,1,18,2,2,7,1372,2,3
994,0,1,24,52,4,3,1,13247,2,5,1,4,3,4,28,1,2,4,322,2,3
995,0,1,20,43,2,7,2,4081,8,20,0,2,3,1,6,1,1,6,930,1,3
996,0,1,6,27,2,2,1,5769,4,6,0,2,4,4,10,2,3,7,205,4,3
997,1,1,8,27,1,2,2,2394,7,8,0,3,3,4,17,1,3,6,135,4,2
998,0,0,5,26,1,3,2,3904,1,4,0,2,4,1,2,1,3,6,683,4,2
999,0,0,21,42,4,7,1,16799,9,20,1,3,1,3,10,0,3,3,1147,3,5
1001,0,0,8,37,1,2,2,3629,2,3,0,3,3,1,11,1,3,2,1462,1,6
1002,0,0,10,35,3,2,2,9362,2,2,0,3,4,3,18,1,3,4,200,3,2
1003,0,0,7,25,1,2,1,3229,2,3,1,3,4,1,1,1,2,2,949,2,2
1004,0,0,8,26,1,7,2,3578,7,7,0,4,1,3,7,1,3,2,652,4,2
1005,0,0,10,29,3,9,2,7988,9,10,0,2,1,2,17,0,2,1,332,1,3
1006,1,0,20,49,2,3,2,4284,3,4,0,2,1,1,28,1,3,2,1475,1,2
1007,1,1,9,29,3,7,2,7553,7,8,0,3,4,3,14,1,3,0,337,1,1
1008,0,0,29,54,4,7,2,17328,7,20,0,3,4,4,1,1,2,5,971,4,3
1009,0,1,32,58,5,8,1,19701,5,9,1,3,1,4,1,1,3,5,1055,3,3
1010,0,0,31,55,4,7,0,14732,0,7,2,4,4,2,1,1,4,5,1136,4,4
1011,0,1,15,36,2,4,2,9278,1,5,0,3,2,1,3,2,3,7,1174,4,3
1012,1,0,1,31,1,0,2,1359,0,1,0,1,3,2,1,2,3,8,667,2,3
1013,0,0,8,30,2,2,0,4779,2,3,2,3,1,4,7,2,3,7,855,2,3
1014,0,0,9,31,4,2,2,16422,0,3,0,3,2,1,8,1,4,5,182,3,3
1015,0,0,10,34,1,3,0,2996,3,4,2,3,1,4,1,1,3,6,560,3,2
1016,1,0,1,31,1,0,2,1261,0,1,0,2,2,1,8,1,4,6,202,3,3
1017,0,0,6,27,1,0,1,2099,4,5,0,3,1,2,11,1,4,2,1377,2,3
1018,0,0,10,36,2,4,2,5810,8,10,0,2,4,1,4,1,2,2,172,3,2
1019,0,0,11,36,2,2,1,5647,2,3,2,2,1,3,16,2,2,7,329,1,3
1020,0,0,17,47,1,5,1,3420,2,6,1,3,4,1,1,1,2,6,465,3,2
1021,1,0,6,25,1,2,1,4400,2,3,0,2,1,1,9,2,3,8,383,1,2
1022,0,0,7,37,1,5,2,3500,3,6,0,4,3,3,5,1,1,2,1413,1,2
1023,0,0,5,56,1,2,1,2066,0,3,1,3,1,1,1,1,4,6,1255,4,3
1024,0,0,26,47,4,17,1,17169,6,20,2,3,3,1,2,1,4,5,359,2,2
1025,0,1,5,24,2,4,1,4162,3,5,2,3,3,4,4,2,3,7,1476,3,3
1026,0,0,7,32,2,3,1,9204,3,4,1,3,4,4,7,2,2,7,601,3,3
1027,0,0,7,34,1,4,1,3294,2,5,1,2,2,4,1,1,2,2,401,1,2
1028,0,1,7,41,1,2,1,2127,3,4,0,4,3,2,5,1,2,6,1283,1,5
1029,0,0,11,40,2,7,0,3975,7,8,2,3,3,3,9,1,4,2,663,3,2
1030,0,0,13,31,3,7,0,10793,9,13,1,3,4,1,8,2,3,7,326,1,5
1031,1,0,28,46,3,7,0,10096,3,7,1,3,4,1,9,2,4,7,377,1,1
1032,1,1,11,39,1,0,2,3646,0,1,0,2,1,1,2,1,4,2,592,2,2
1033,1,0,10,31,3,8,2,7446,7,10,0,4,2,3,1,1,3,4,1445,1,2
1034,0,1,24,45,3,7,0,10851,7,7,1,1,1,2,20,1,3,0,1038,2,2
1036,1,1,7,31,1,2,1,3722,2,2,1,3,4,2,2,1,1,2,523,3,2
1037,0,1,10,45,3,1,1,9380,2,3,2,3,4,2,29,1,4,4,1448,4,4
1038,0,0,15,48,2,2,0,5486,2,2,3,3,1,3,7,2,3,7,1221,1,3
1039,1,0,2,34,1,2,1,2742,2,2,0,3,3,1,9,0,3,1,1107,4,0
1040,0,0,16,40,3,8,0,13757,8,9,1,2,2,4,8,1,3,5,218,3,5
1041,0,0,6,28,2,4,2,8463,3,5,0,3,1,4,5,2,3,7,866,4,4
1042,0,0,7,44,1,2,2,3162,3,5,0,2,3,3,5,1,3,2,981,4,5
1043,0,0,35,53,4,8,2,16598,8,9,0,4,2,4,2,1,2,5,447,2,2
1044,0,0,20,49,2,2,1,6651,2,3,1,3,3,1,5,1,2,0,1495,2,0
1045,0,0,8,40,1,1,0,2345,2,3,1,3,3,3,2,1,4,6,896,3,3
1046,0,0,6,44,1,2,2,3420,3,5,0,3,2,4,20,1,2,6,1467,3,3
1047,0,0,5,33,2,3,1,4373,3,4,2,3,1,4,7,2,3,7,430,1,2
1048,0,0,15,34,2,9,2,4759,12,13,0,1,1,4,3,2,3,7,1326,4,2
1049,0,0,4,30,2,1,1,5301,2,2,2,3,3,4,16,2,2,7,1358,3,2
1050,0,0,12,42,1,9,2,3673,8,12,0,3,4,1,9,1,3,2,748,3,3
1051,0,0,11,44,2,0,1,4768,0,1,1,3,3,1,1,2,2,7,383,3,4
1052,0,0,1,30,1,0,0,1274,0,1,2,3,3,3,7,1,2,6,990,2,2
1053,0,0,13,57,2,9,1,4900,8,12,1,4,3,2,1,1,2,6,405,1,2
1054,0,0,29,49,3,7,0,10466,7,8,2,3,2,3,7,1,3,0,1490,2,3
1055,0,0,16,34,4,8,0,17007,9,14,2,3,1,2,15,1,2,5,829,4,3
1056,1,0,5,28,1,2,1,2909,2,3,1,3,3,1,1,2,4,8,1496,4,3
1057,1,0,7,29,2,3,2,5765,0,5,0,3,2,1,13,2,1,7,115,1,4
1058,1,1,16,34,2,9,2,4599,10,15,0,2,2,1,24,2,4,7,790,3,2
1059,0,0,1,35,1,0,1,2404,0,1,1,3,3,4,7,2,3,8,660,1,3
1060,1,1,4,24,1,0,2,3172,0,0,0,3,1,2,9,1,2,2,381,3,2
1061,0,0,1,24,1,0,1,2033,0,1,1,3,2,4,13,2,3,8,830,3,2
1062,0,1,16,44,3,2,2,10209,2,2,0,3,3,2,2,1,2,4,1193,2,2
1063,0,0,10,29,2,7,0,8620,4,10,2,2,3,3,19,2,3,7,1246,3,3
1064,0,0,6,30,1,3,0,2064,3,5,1,3,3,3,1,0,4,1,330,1,3
1065,0,1,4,55,2,2,1,4035,2,3,0,3,3,4,4,1,3,0,1229,2,2
1066,0,0,8,33,1,4,1,3838,2,5,0,2,2,1,4,1,3,2,1099,4,5
1067,0,1,11,47,2,4,1,4591,2,5,1,3,3,3,14,2,2,7,571,3,4
1068,1,0,8,28,1,0,2,2561,0,0,0,2,1,3,2,1,2,2,289,3,2
1069,0,0,1,28,1,0,0,1563,0,1,1,2,3,1,1,1,1,6,1423,4,2
1070,0,0,5,28,2,2,2,4898,3,4,0,3,1,3,7,2,3,7,467,4,5
1071,0,0,10,49,2,2,1,4789,2,3,1,2,1,3,3,1,3,2,271,1,3
1072,0,0,4,29,1,2,1,3180,2,3,3,3,2,4,2,1,3,2,410,3,3
1073,0,0,8,28,2,6,1,6549,7,8,2,1,2,3,29,1,2,4,1083,2,2
1074,0,1,14,33,2,0,2,6388,0,0,0,3,3,4,8,1,3,0,516,1,6
1075,0,0,10,32,3,2,2,11244,0,5,0,3,4,3,10,1,4,3,495,2,5
1076,0,0,26,54,4,9,0,16032,12,14,1,3,4,2,11,1,3,3,1050,1,2
1077,1,0,11,29,1,7,2,2362,7,9,0,2,1,1,1,1,1,6,224,3,2
1079,0,0,9,39,3,0,2,8376,2,2,0,3,2,2,6,1,3,4,1089,4,3
1080,0,0,23,46,4,12,1,16606,1,13,1,3,2,3,3,2,4,3,228,4,2
1081,0,0,11,35,3,8,2,8606,3,11,0,2,2,4,16,1,1,0,1029,4,3
1082,0,0,5,23,2,3,2,2272,2,4,0,3,3,1,20,1,3,2,507,2,2
1083,1,0,15,40,1,4,2,2018,0,5,0,3,1,4,9,1,1,2,676,2,3
1084,0,1,10,34,3,9,1,7083,6,10,0,2,3,4,1,2,3,7,971,4,3
1085,1,0,7,31,1,2,2,4084,7,7,0,3,3,4,3,1,1,6,561,1,2
1086,0,1,32,50,4,6,2,14411,9,32,0,1,4,3,22,1,3,5,333,4,2
1087,0,1,12,34,1,10,1,2308,7,11,1,3,3,2,7,2,3,8,1440,2,4
1088,0,0,4,42,1,0,1,4841,0,1,1,2,2,3,2,1,3,2,1210,2,3
1089,0,0,10,37,2,8,1,4285,7,10,0,3,4,1,13,1,3,6,674,1,2
1090,0,0,9,29,2,7,1,9715,7,7,1,1,1,3,8,1,3,0,441,3,3
1091,0,0,5,33,2,3,2,4320,2,5,0,2,2,4,25,1,3,4,575,4,2
1092,0,0,8,45,1,4,1,2132,3,5,1,3,4,4,28,1,3,6,950,4,3
1093,0,1,24,42,3,8,1,10124,9,20,1,3,4,4,2,1,1,0,288,3,3
1094,0,0,9,40,2,4,1,5473,1,8,0,3,1,1,9,2,4,7,1342,4,5
1095,0,1,15,33,2,14,1,5207,7,15,1,3,3,2,28,1,3,2,589,2,3
1096,0,1,21,40,4,7,2,16437,7,21,0,3,4,3,6,0,3,3,898,4,2
1097,0,0,2,24,1,1,0,2296,0,1,3,2,1,3,21,1,3,2,350,2,3
1098,0,1,8,40,2,2,0,4069,2,2,0,3,4,4,8,1,3,0,1142,3,2
1099,0,0,10,45,3,8,0,7441,7,10,3,3,2,1,1,1,3,0,538,1,4
1100,0,0,6,35,1,3,1,2430,2,5,2,2,3,2,28,2,3,8,1402,1,5
1101,0,0,12,32,2,1,1,5878,5,7,1,2,2,4,5,1,3,6,824,1,2
1102,0,1,7,36,1,2,2,2644,2,3,0,3,4,3,2,2,2,8,1157,4,3
1103,0,0,18,48,2,7,0,6439,7,8,1,3,3,3,16,2,3,7,492,3,2
1104,0,0,5,29,1,0,1,2451,0,1,2,4,3,3,9,1,2,6,598,1,2
1105,0,0,8,33,2,2,1,6392,2,2,1,3,1,1,8,2,1,7,1242,4,6
1106,1,0,10,30,2,8,1,9714,7,10,1,2,1,2,1,2,3,7,740,4,4
1107,0,0,10,38,2,3,1,6077,2,6,0,3,3,3,10,0,3,1,888,3,2
1108,0,0,3,35,1,0,2,2450,2,3,0,2,1,4,1,1,3,2,992,2,3
1109,0,0,9,30,3,2,1,9250,3,4,1,3,2,3,29,2,3,7,1288,2,3
1110,1,1,1,35,1,0,0,2074,0,1,1,3,1,1,2,1,3,2,104,4,2
1111,1,0,34,53,3,7,1,10169,9,33,1,2,4,3,2,1,3,4,607,2,4
1112,1,0,7,38,2,2,1,4855,4,5,2,3,2,3,2,1,3,4,903,1,2
1113,0,0,9,32,2,5,1,4087,2,6,1,3,1,4,1,1,2,6,1200,2,3
1114,0,0,10,48,1,2,1,2367,6,8,1,3,1,3,15,1,2,6,1108,4,3
1115,0,0,1,34,1,0,2,2972,0,1,0,3,4,1,7,1,1,6,479,3,4
1118,0,0,1,26,1,0,1,2061,0,1,0,3,4,1,3,1,3,6,474,1,5
1119,0,0,10,38,2,8,1,9924,7,9,1,3,2,3,14,2,3,7,1245,4,3
1120,0,0,8,38,2,2,2,4198,2,3,0,3,2,2,16,2,4,7,437,2,5
1121,0,0,15,36,2,0,2,6815,0,1,0,3,3,2,1,2,3,7,884,1,5
1122,0,1,10,29,1,9,2,4723,5,10,0,3,1,2,3,1,3,2,1370,4,3
1123,0,1,10,35,2,2,2,6142,4,5,0,3,3,1,10,1,3,0,670,3,4
1124,0,0,11,39,3,6,1,8237,6,7,1,4,3,4,6,2,3,7,1462,1,3
1125,0,0,6,29,2,4,0,8853,3,6,1,3,4,1,2,1,4,0,995,4,0
1126,0,1,27,50,5,0,1,19331,0,1,1,3,3,3,9,2,3,3,264,3,2
1127,0,0,4,23,1,2,1,2073,2,2,1,4,3,4,10,1,3,6,977,4,2
1128,0,1,9,36,2,2,1,5562,2,3,1,4,1,1,6,1,3,2,1302,4,3
1129,0,0,24,42,5,0,2,19613,1,1,0,2,4,4,9,1,3,3,1059,4,2
1130,0,0,10,35,2,9,1,3407,8,10,2,4,3,2,28,1,2,2,750,4,3
1131,0,0,8,34,2,2,1,5063,7,8,1,2,3,4,10,1,2,0,653,2,3
1132,0,0,5,40,2,4,1,4639,2,5,1,3,1,4,14,2,3,7,118,3,2
1133,0,0,8,43,1,4,0,4876,2,6,1,4,2,4,27,1,3,2,990,3,0
1134,0,0,1,35,1,0,1,2690,1,1,1,2,4,3,7,1,2,2,1349,4,5
1135,0,0,27,46,4,0,2,17567,12,26,0,4,1,4,1,2,1,3,563,2,5
1136,1,1,1,28,1,1,1,2408,0,1,3,3,2,3,24,1,3,2,329,3,3
1137,0,1,4,22,1,2,1,2814,3,4,0,2,3,2,26,1,2,6,457,2,2
1138,0,1,32,50,4,8,1,11245,13,30,1,3,3,2,20,1,3,0,1234,3,3
1139,0,0,6,32,1,2,1,3312,2,3,2,4,4,2,5,1,3,6,634,4,3
1140,0,1,23,44,5,7,0,19049,10,22,1,3,4,2,7,1,2,5,1313,4,4
1141,0,0,6,30,1,4,1,2141,1,6,1,2,2,2,7,1,2,6,241,2,3
1142,0,1,10,45,2,7,2,5769,4,10,0,1,1,3,5,1,3,2,1015,1,3
1143,0,0,10,45,2,7,1,4385,5,10,1,2,1,1,26,2,3,7,336,1,2
1144,0,0,10,31,2,2,2,5332,3,5,0,3,1,4,2,2,3,7,715,4,3
1146,0,0,9,34,2,7,0,4724,2,9,1,4,4,3,10,1,3,4,426,1,3
1147,0,0,10,49,1,6,1,3211,4,9,1,3,1,3,25,1,2,2,722,4,3
1148,0,0,10,39,2,7,1,5377,7,7,3,3,1,2,10,1,3,4,1387,4,3
1149,0,0,7,27,1,7,0,4066,7,7,2,2,1,4,19,1,3,2,1302,1,3
1150,0,0,16,35,2,15,1,5208,10,16,0,4,1,2,18,1,3,6,819,4,2
1151,0,0,6,28,2,3,0,4877,0,5,1,1,1,2,27,1,2,4,580,2,5
1152,0,0,3,21,1,2,2,3117,2,2,0,3,4,3,5,1,3,6,546,3,2
1153,1,1,0,18,1,0,2,1569,0,0,0,3,4,2,3,2,4,8,544,3,2
1154,0,0,27,47,5,2,1,19658,0,5,1,3,3,4,26,0,3,3,1176,3,2
1155,0,0,11,39,2,8,0,3069,7,10,1,2,3,3,3,1,3,2,170,4,3
1156,0,0,18,40,3,15,1,10435,12,18,2,2,3,1,15,1,3,4,884,4,2
1157,0,0,15,35,2,11,1,4148,9,14,1,3,3,3,8,1,3,0,208,4,5
1158,0,0,9,37,2,3,1,5768,2,4,3,3,3,3,19,1,2,4,671,1,2
1159,0,0,10,39,2,2,2,5042,8,9,0,3,3,1,4,1,1,4,711,4,2
1160,0,0,10,45,2,7,0,5770,9,10,2,2,4,4,2,1,3,4,1329,1,3
1161,0,1,10,38,3,4,1,7756,2,5,1,2,3,4,2,1,4,4,397,4,6
1163,0,0,8,37,1,4,1,3936,7,8,1,3,2,2,10,1,1,6,1470,1,2
1164,0,1,18,40,3,2,2,7945,3,4,0,3,4,3,16,1,2,4,448,4,2
1165,0,1,14,44,2,7,1,5743,2,10,0,3,4,1,1,0,3,1,602,3,3
1166,0,0,23,48,4,2,1,15202,2,2,1,2,4,3,4,1,3,3,365,2,3
1167,1,1,7,35,2,2,0,5440,2,2,2,1,4,1,15,2,2,7,763,4,2
1168,0,1,6,24,1,3,2,3760,3,6,0,3,4,1,2,1,3,6,567,3,2
1169,0,0,5,27,1,2,1,3517,2,3,0,4,3,2,8,1,3,6,486,1,0
1170,0,0,6,27,1,2,2,2580,2,4,0,3,4,4,2,1,2,6,591,3,0
1171,1,1,10,40,1,2,2,2166,3,4,0,3,1,1,7,1,1,2,1329,2,3
1173,0,0,9,36,3,2,1,8008,2,3,2,3,1,2,5,1,3,0,711,3,6
1174,0,0,7,25,2,7,0,5206,7,7,2,4,3,4,2,1,3,4,772,3,6
1175,0,0,7,39,2,4,1,5295,0,5,0,3,2,4,12,1,3,4,492,3,3
1176,0,0,27,49,4,2,1,16413,2,4,2,3,2,1,22,1,3,5,301,2,2
1177,0,0,19,50,3,11,0,13269,11,14,3,2,1,4,17,1,3,5,813,3,3
1178,0,0,2,20,1,2,2,2783,2,2,0,3,3,3,2,2,3,8,1141,1,3
1179,0,0,11,34,2,8,0,5433,9,11,1,3,2,4,3,1,3,6,1130,3,2
1180,0,0,15,36,1,3,2,2013,3,4,0,3,2,1,7,1,3,2,311,3,4
1181,0,1,30,49,4,11,1,13966,12,15,1,2,3,3,6,1,3,0,465,2,3
1182,0,0,4,36,2,2,1,4374,2,3,0,2,3,4,1,1,3,4,894,3,6
1183,0,0,13,36,2,4,0,6842,4,5,1,4,1,4,3,1,3,0,1040,1,3
1185,0,0,14,43,4,10,1,17603,11,14,1,2,3,3,15,1,3,5,1291,1,3
1186,1,1,13,35,2,9,2,4581,7,11,0,3,4,4,12,2,4,7,880,1,2
1187,0,0,19,38,2,11,1,4735,9,13,2,3,4,4,1,1,4,6,1189,4,4
1188,0,1,10,29,2,0,0,4187,9,10,1,2,2,1,5,2,2,7,991,2,3
1189,0,0,6,33,2,2,0,5505,4,6,2,3,4,4,2,2,3,7,392,3,5
1190,0,0,10,32,2,5,0,5470,6,9,2,3,2,4,2,1,2,6,977,3,4
1191,0,0,10,31,2,0,1,5476,2,10,2,3,4,1,5,2,3,7,1112,1,2
1192,0,1,17,49,1,2,0,2587,2,2,1,3,1,4,16,1,2,2,464,2,2
1193,0,0,4,38,1,3,2,2440,3,4,0,2,2,4,2,1,3,2,148,2,3
1194,0,0,29,47,4,2,0,15972,2,3,3,4,2,2,2,2,3,3,1225,3,2
1195,0,0,23,49,4,7,2,15379,0,8,0,3,3,3,1,1,3,3,809,1,2
1196,0,1,21,41,3,0,2,7082,2,2,0,3,3,4,23,2,3,7,1206,4,2
1197,0,0,2,20,1,2,2,2728,2,2,0,3,1,4,9,2,3,8,727,1,3
1198,0,1,7,33,2,5,0,5368,2,6,1,3,4,3,16,2,3,7,530,3,2
1199,0,0,10,36,2,2,1,5347,2,3,2,3,3,1,26,1,2,0,1351,2,2
1200,0,1,8,44,1,2,0,3195,2,2,3,3,4,3,1,0,3,1,528,1,2
1201,1,1,5,23,1,4,2,3989,2,5,0,2,3,4,8,1,3,2,1320,1,2
1202,0,0,7,38,1,0,1,3306,0,0,1,3,3,4,4,1,2,2,1495,4,5
1203,0,0,11,53,3,3,1,7005,2,4,0,4,4,2,24,1,3,0,1395,3,2
1204,1,1,19,48,1,7,1,2655,7,9,2,3,3,4,7,2,3,8,708,3,3
1205,1,0,1,32,1,0,2,1393,0,1,0,3,2,4,2,1,3,2,1259,1,2
1206,0,0,7,26,1,7,2,2570,7,7,0,3,4,4,7,1,3,2,786,3,5
1207,0,0,8,55,1,2,0,3537,2,4,1,2,2,1,22,1,3,6,1441,4,1
1208,0,0,15,34,2,10,1,3986,13,15,1,2,4,2,5,1,4,2,1157,3,3
1209,0,0,19,60,3,0,0,10883,0,1,1,1,4,3,1,1,4,0,370,3,2
1210,0,0,14,33,1,11,1,2028,13,14,3,4,2,2,21,1,3,2,267,4,6
1211,0,0,6,37,2,3,0,9525,3,6,2,1,4,3,1,2,2,7,1278,3,2
1212,0,0,10,34,1,9,1,2929,7,10,0,2,4,2,19,1,3,6,678,2,3
1213,1,1,3,23,1,2,0,2275,2,3,1,3,4,3,7,2,3,8,427,2,2
1214,0,1,9,44,3,7,1,7879,7,8,1,4,4,3,2,1,3,0,921,2,2
1215,0,1,6,35,1,4,2,4930,4,5,0,2,4,1,2,1,4,6,146,3,2
1216,0,1,10,43,2,9,1,7847,8,10,1,3,4,4,2,2,3,7,1179,1,3
1217,0,0,5,24,1,3,1,4401,4,5,1,4,3,3,9,1,3,6,581,4,1
1218,0,0,10,41,3,8,2,9241,7,10,0,3,3,4,6,2,3,7,918,2,3
1220,0,0,17,36,2,7,2,4502,7,13,0,3,4,3,2,2,2,8,530,3,2
1221,0,0,25,45,3,15,1,10748,4,23,1,2,3,3,1,1,2,0,1238,4,3
1222,1,0,1,24,1,0,1,1555,0,1,1,1,3,4,22,0,3,1,240,3,2
1223,1,0,25,47,4,5,1,12936,10,23,0,1,3,3,9,2,1,7,1093,3,3
1224,0,0,3,26,1,2,1,2305,2,3,3,1,3,4,17,1,4,2,390,3,3
1225,0,0,21,45,4,6,2,16704,6,21,0,2,2,4,28,1,3,5,1005,3,2
1226,0,0,10,32,1,2,1,3433,3,5,1,3,3,1,10,1,2,6,585,1,3
1227,0,0,6,31,1,2,1,3477,3,5,1,3,3,2,2,1,4,2,741,4,2
1228,0,0,10,41,2,2,1,6430,2,3,1,1,2,3,4,0,3,1,552,2,4
1229,0,1,18,40,2,0,1,6516,0,1,1,3,1,2,8,1,3,4,369,2,3
1230,0,0,6,24,1,2,0,3907,2,6,3,3,1,2,29,1,4,2,506,2,2
1231,0,0,19,46,2,7,2,5562,9,10,0,3,2,3,13,1,3,0,717,4,3
1232,0,0,17,35,2,7,1,6883,7,7,1,3,3,4,27,1,3,4,1370,2,3
1233,0,0,10,30,1,0,1,2862,8,10,1,3,4,2,16,1,2,6,793,2,2
1234,0,0,4,47,2,0,1,4978,0,1,1,3,2,3,2,2,1,7,543,4,3
1235,0,1,13,46,3,6,0,10368,3,10,1,3,4,3,2,2,2,7,1277,2,5
1236,1,1,16,36,2,2,0,6134,2,2,3,2,1,2,13,2,3,7,1456,2,3
1237,1,0,10,32,2,0,2,6735,0,0,0,1,2,1,1,2,3,7,964,2,2
1238,0,0,3,23,1,2,2,3295,2,3,0,3,2,3,4,1,1,2,160,3,3
1239,0,0,9,31,2,4,2,5238,4,5,0,3,4,4,24,1,2,4,163,4,3
1240,0,1,9,39,2,8,1,6472,8,9,1,3,4,4,1,1,3,2,792,4,2
1241,0,0,10,32,3,3,1,9610,2,4,1,1,3,4,19,2,1,7,371,3,2
1242,0,0,21,40,5,8,2,19833,8,21,0,3,2,2,7,2,2,3,611,2,3
1243,0,0,9,45,3,0,1,9756,3,5,2,1,3,3,4,0,4,1,176,3,2
1244,0,0,10,30,1,7,2,4968,7,9,0,2,1,4,2,1,3,6,1312,4,2
1245,0,0,3,24,1,2,1,2145,1,2,1,3,4,1,10,0,3,1,897,4,2
1246,1,0,6,30,1,2,0,2180,2,4,1,2,4,3,8,0,2,1,600,3,0
1247,0,0,6,31,2,2,1,8346,2,5,1,3,3,1,5,2,3,7,1003,3,3
1248,0,0,6,27,1,2,2,3445,4,6,0,3,4,3,8,1,2,6,1054,3,5
1249,1,0,2,29,1,2,2,2760,2,2,0,1,2,2,9,2,3,8,428,3,3
1250,0,1,10,29,2,2,2,6294,2,3,0,4,3,4,1,1,4,0,461,4,5
1251,0,0,12,30,3,7,0,7140,7,7,1,2,1,3,15,2,3,7,979,1,2
1252,0,1,6,34,1,0,1,2932,2,5,3,4,4,4,2,1,3,6,181,1,3
1253,0,0,13,33,2,7,2,5147,7,11,0,3,2,4,2,2,2,7,1283,4,2
1254,0,0,8,49,2,1,2,4507,4,5,0,3,4,4,11,2,4,7,1313,3,1
1255,1,1,11,33,3,0,2,8564,0,0,0,3,1,1,16,2,2,7,211,3,2
1256,0,0,9,38,1,1,1,2468,5,6,1,2,2,3,2,1,2,2,594,2,4
1257,1,0,10,31,3,0,1,8161,0,1,3,3,3,1,16,2,3,7,1079,1,2
1258,0,0,1,29,1,0,0,2109,0,1,1,2,1,4,4,1,3,6,590,3,2
1259,0,0,10,30,2,0,1,5294,7,7,1,4,3,3,16,1,3,0,305,3,3
1260,0,0,12,32,1,7,2,2718,7,7,0,3,2,2,5,1,3,6,953,2,3
1261,0,1,15,38,2,0,1,5811,0,1,1,1,4,2,18,1,3,0,833,3,2
1263,0,0,7,42,1,3,0,2766,4,5,3,3,2,2,12,1,2,2,855,2,6
1264,0,0,34,55,5,0,1,19038,0,1,3,2,1,3,2,1,3,5,478,2,2
1265,0,0,11,33,2,8,0,3055,7,9,2,3,2,4,4,1,2,6,775,4,2
1266,0,0,5,41,1,3,0,2289,4,5,2,3,1,3,9,1,3,2,548,2,2
1267,0,1,15,34,2,14,0,4001,7,15,1,3,3,4,10,2,3,7,1375,3,3
1268,0,1,27,53,4,2,1,12965,2,3,3,2,3,1,1,1,2,4,661,4,2
1269,0,0,10,43,1,7,2,3539,8,9,0,3,4,2,2,0,3,1,244,2,5
1270,0,0,6,34,2,2,2,6029,2,2,0,1,4,4,3,2,3,7,511,1,3
1271,1,0,1,21,1,0,2,2679,0,1,0,3,2,2,7,2,3,8,337,2,3
1272,0,0,5,38,1,4,1,3702,4,5,1,2,3,4,6,1,3,2,1153,2,3
1273,1,1,1,22,1,0,1,2398,0,1,0,3,1,3,8,1,3,2,1294,3,6
1274,0,0,13,31,2,7,1,5468,7,12,2,2,4,1,29,2,3,7,196,1,3
1275,0,0,15,51,3,2,1,13116,2,2,0,3,3,1,3,1,3,3,942,4,2
1276,0,0,5,37,2,2,1,4189,3,5,2,2,2,2,9,2,3,7,589,1,2
1277,0,1,24,46,5,1,0,19328,2,2,1,3,4,3,2,1,3,5,734,3,3
1278,0,1,15,36,3,8,1,8321,7,12,1,3,1,4,10,1,3,0,1383,4,1
1279,1,1,6,44,1,3,0,2342,3,5,3,3,2,3,1,1,2,6,429,3,2
1280,0,0,19,37,2,0,0,4071,7,10,0,3,2,3,8,0,2,1,1239,3,4
1281,1,1,10,35,2,7,2,5813,7,10,0,3,4,3,27,2,3,7,303,4,2
1282,0,0,14,33,1,8,1,3143,6,10,1,4,1,4,8,1,3,6,867,2,1
1283,0,0,5,28,1,3,1,2044,3,5,1,3,4,3,1,1,4,6,1181,3,6
1284,0,0,9,39,3,3,2,13464,2,4,0,3,3,3,10,1,3,5,1253,3,3
1285,0,0,6,46,2,2,2,7991,2,2,0,2,2,2,26,2,3,7,849,3,3
1286,0,0,7,40,1,3,1,3377,2,4,1,3,1,3,2,1,2,2,616,4,5
1287,0,0,10,42,2,0,1,5538,0,0,2,4,1,2,13,1,2,0,1128,3,2
1288,0,0,15,35,2,7,0,5762,7,7,1,3,4,2,2,1,3,4,1180,3,6
1289,0,0,13,38,1,10,0,2592,8,11,3,3,2,1,2,0,3,1,1336,4,3
1290,1,0,11,34,2,1,1,5346,7,7,1,3,1,4,9,1,2,2,234,3,3
1291,1,0,10,37,2,3,2,4213,8,10,0,3,1,4,10,1,1,4,370,2,4
1292,0,0,7,39,2,1,0,4127,2,2,1,3,4,3,20,2,3,7,766,4,6
1293,0,0,7,43,1,2,2,2438,2,3,0,3,3,1,9,1,2,6,343,3,2
1294,0,0,11,41,2,2,2,6870,2,3,0,4,2,2,5,1,1,0,447,1,3
1295,0,1,23,41,3,14,0,10447,5,22,1,3,3,3,4,2,4,7,796,4,3
1297,1,1,6,26,1,1,1,2148,4,5,0,3,2,4,20,0,3,1,920,3,3
1298,1,0,13,46,2,7,1,8926,7,9,1,3,2,4,21,1,4,0,261,4,2
1299,0,0,12,40,2,3,0,6513,3,5,1,3,4,3,1,1,3,0,1194,4,3
1300,0,0,10,34,2,8,1,6799,8,10,2,4,3,2,8,2,3,7,810,3,5
1302,0,0,6,35,1,4,1,2705,3,5,1,1,3,2,23,1,4,2,185,2,2
1303,0,1,28,47,3,11,0,10333,10,22,1,2,2,3,4,1,3,4,1001,3,4
1304,0,0,15,40,2,4,0,4448,7,7,1,3,1,2,12,1,3,0,750,2,3
1305,0,0,14,54,2,1,1,6854,7,7,1,3,4,4,7,1,2,6,431,2,2
1306,0,0,9,31,3,2,1,9637,2,3,2,3,1,1,7,2,3,7,1125,4,3
1307,0,0,3,28,1,2,1,3591,2,3,1,3,1,3,1,1,3,6,1217,3,3
1308,0,1,20,38,2,2,1,5405,3,4,2,1,4,2,2,2,2,8,723,1,4
1309,0,0,5,26,2,3,2,4684,2,5,0,3,4,3,10,2,3,7,572,1,4
1310,0,1,23,58,4,2,1,15787,2,2,0,3,3,1,15,1,3,5,1216,2,3
1311,0,0,0,18,1,0,2,1514,0,0,0,3,3,2,14,1,1,6,1431,3,4
1312,1,0,2,31,1,0,1,2956,0,1,0,4,1,4,18,0,3,1,359,3,4
1313,1,1,4,29,1,2,0,2335,0,2,3,2,1,1,13,0,3,1,350,4,3
1314,0,0,10,45,2,7,1,5154,7,8,2,3,3,3,2,2,4,7,589,2,3
1315,0,1,15,36,2,0,1,6962,0,1,1,3,2,4,2,1,3,6,430,4,2
1316,0,0,7,43,2,7,1,5675,7,7,1,3,4,1,2,2,3,7,1422,3,5
1317,0,1,6,27,1,4,2,2379,2,5,0,3,4,4,5,1,2,2,1297,3,3
1318,0,0,11,29,1,8,1,3812,10,11,0,3,4,4,20,1,4,2,574,2,3
1319,0,0,4,32,2,0,2,4648,0,0,0,3,4,4,10,2,4,7,1318,3,2
1320,0,0,10,42,1,3,1,2936,3,6,2,3,3,3,10,1,2,6,355,2,1
1321,0,0,7,47,1,2,2,2105,0,2,0,3,3,2,9,1,3,2,207,3,2
1322,0,0,12,46,3,8,0,8578,7,9,1,3,4,4,2,1,2,4,706,3,4
1323,0,0,3,28,1,2,0,2706,2,3,1,3,4,3,1,0,3,1,280,2,2
1324,0,0,11,29,2,0,0,6384,6,7,2,1,3,4,29,1,3,0,726,4,3
1325,0,0,8,42,1,0,2,3968,0,0,0,3,3,4,8,1,3,2,1142,4,3
1326,1,1,7,32,2,2,2,9907,2,2,0,2,2,3,2,2,2,7,414,3,3
1327,0,0,25,46,4,17,0,13225,8,19,1,4,1,1,3,2,3,7,1319,4,5
1328,0,0,9,27,2,8,1,3540,8,9,1,2,3,2,23,2,3,8,728,4,5
1329,0,0,1,29,1,0,1,2804,0,1,0,2,2,4,6,0,3,1,352,4,3
1330,0,0,21,43,5,12,1,19392,14,16,0,2,3,1,6,1,3,3,823,4,2
1331,0,0,29,48,5,10,1,19665,9,22,0,2,2,4,10,1,3,5,1224,4,3
1332,1,1,1,29,1,0,2,2439,0,1,0,2,4,4,24,1,2,6,459,2,3
1333,1,0,14,46,3,7,1,7314,7,8,3,3,2,3,10,2,3,7,1254,3,2
1334,0,0,8,27,1,6,1,4774,3,7,1,2,1,4,15,1,2,6,1131,4,2
1335,0,0,7,39,2,2,0,3902,2,2,3,3,4,4,19,1,3,6,835,2,2
1336,0,0,19,55,1,2,1,2662,4,5,1,2,4,2,2,1,4,6,836,2,2
1337,0,0,1,28,1,0,1,2856,0,1,1,3,2,2,3,2,3,8,1172,4,3
1338,1,0,1,30,1,0,2,1081,0,1,0,3,4,2,9,2,2,8,945,3,3
1339,1,1,1,22,1,0,2,2472,0,1,0,3,2,4,7,1,3,6,391,1,2
1340,0,1,10,36,2,9,1,5673,7,10,1,2,3,2,10,2,3,7,1266,1,4
1341,0,0,10,31,2,8,0,4197,2,10,1,3,3,2,20,1,3,2,311,1,2
1342,0,1,9,34,3,3,1,9713,0,5,3,3,4,3,4,2,3,7,1480,4,3
1343,0,0,11,29,1,2,2,2062,2,3,0,3,1,4,7,1,3,2,592,2,2
1344,0,1,16,37,2,3,1,4284,4,5,1,3,1,4,7,1,3,6,783,3,2
1345,0,1,4,35,2,2,1,4788,2,3,0,2,2,4,16,1,3,4,219,4,2
1346,0,0,10,45,2,8,1,5906,8,9,2,2,4,2,25,1,2,4,556,4,2
1347,0,0,10,36,2,1,2,3886,8,10,0,2,4,2,2,0,2,1,1213,4,2
1349,0,1,1,26,1,0,1,2933,0,1,1,2,3,2,1,1,2,6,482,3,3
1350,0,0,9,27,2,7,2,6500,7,8,0,4,3,1,2,2,2,7,511,2,5
1351,0,0,24,48,4,17,0,17174,7,22,1,3,4,4,22,1,3,3,117,2,3
1352,0,0,10,44,2,0,1,5033,2,2,1,4,1,2,1,1,3,0,170,4,5
1353,1,1,5,34,1,2,1,2307,0,5,1,1,1,4,16,1,3,6,967,2,2
1354,1,0,5,56,1,2,2,2587,0,4,0,3,4,1,24,1,3,2,1162,4,3
1355,0,0,12,36,2,2,1,5507,3,4,2,2,2,3,17,2,1,7,335,3,1
1356,0,0,14,41,2,4,1,4393,4,5,1,3,2,3,8,2,3,7,337,3,3
1358,0,1,8,31,2,2,0,6583,4,5,1,3,4,3,10,2,3,7,1079,4,2
1359,0,1,9,34,2,2,1,8103,1,4,0,2,4,4,3,2,2,7,735,3,3
1360,0,0,4,31,1,2,0,3978,2,2,1,4,3,1,4,1,2,2,471,2,0
1361,0,0,8,26,1,7,1,2544,7,7,1,4,4,3,6,1,3,2,1096,1,3
1362,0,0,12,45,2,2,2,5399,3,4,0,3,3,2,1,1,3,0,1297,3,3
1363,0,0,10,33,2,4,2,5487,9,10,0,3,3,2,10,2,2,7,217,2,2
1364,0,1,7,28,2,7,1,6834,7,7,1,2,4,3,1,2,3,7,783,3,2
1365,1,0,1,29,1,0,2,1091,0,1,0,4,1,3,24,2,3,8,746,4,3
1366,0,0,10,39,2,2,1,5736,2,3,1,1,3,1,21,2,3,7,1251,3,1
1367,0,0,6,27,1,3,1,2226,2,5,1,3,2,2,2,1,2,6,1354,3,3
1368,0,1,16,34,2,10,1,5747,11,15,0,2,4,3,22,1,3,6,735,2,3
1369,1,1,6,28,2,0,2,9854,2,2,0,3,3,4,13,2,3,7,1475,4,0
1370,0,0,16,47,2,7,1,5467,7,8,1,3,2,3,14,1,4,6,1169,3,4
1371,0,0,6,56,2,0,1,5380,0,0,1,2,1,4,11,2,3,7,1443,3,3
1372,0,0,10,39,2,0,1,5151,9,10,1,3,1,1,9,1,3,4,867,4,3
1373,0,1,20,38,2,11,0,2133,7,20,1,2,2,4,8,1,3,6,1394,3,3
1374,0,1,29,58,4,0,1,17875,0,1,1,3,4,4,21,2,2,3,605,3,2
1375,1,1,8,32,1,1,2,2432,3,4,0,4,3,1,5,1,3,6,238,1,2
1376,0,0,10,38,1,2,0,4771,3,5,2,3,4,2,9,1,4,6,1206,4,0
1377,0,0,28,49,5,4,1,19161,3,5,0,3,4,2,2,1,3,5,1064,4,3
1378,0,1,14,42,2,0,0,5087,0,0,2,3,4,2,12,2,3,7,419,3,4
1379,1,0,1,27,1,0,1,2863,0,1,0,2,2,1,22,0,3,1,1337,1,2
1380,0,0,6,35,2,3,1,5561,4,5,1,3,1,2,18,2,1,7,682,4,2
1381,0,0,5,28,1,3,2,2144,4,5,0,3,3,3,16,1,2,6,1103,3,3
1382,0,1,4,31,1,2,0,3065,3,4,1,3,1,3,3,1,4,6,976,4,3
1383,0,0,5,36,1,4,1,2810,2,5,0,4,2,1,9,1,3,2,1351,2,3
1384,0,0,14,34,3,8,2,9888,1,14,0,3,4,1,1,2,2,7,937,1,3
1385,0,0,9,34,3,7,0,8628,1,8,1,3,3,4,13,2,2,7,1239,3,2
1386,0,0,8,26,1,7,2,2867,6,7,0,3,1,3,1,1,2,2,157,4,6
1387,0,0,6,29,2,3,1,5373,2,5,1,3,1,1,1,1,2,0,136,1,5
1388,0,0,9,32,2,1,0,6667,2,5,1,3,4,3,15,1,3,0,1146,2,6
1389,0,0,10,31,2,8,1,5003,7,10,0,1,1,4,1,1,3,6,1125,2,6
1390,1,0,6,28,1,1,0,2367,3,4,1,2,4,3,17,1,2,2,1404,1,2
1391,0,0,20,38,1,0,2,2858,0,1,0,2,1,1,1,2,2,8,1404,1,3
1392,0,1,10,35,2,8,1,5204,9,10,0,3,4,3,7,2,3,7,1224,4,2
1393,0,0,7,27,2,7,2,4105,7,7,0,3,4,4,9,2,3,7,954,1,5
1394,0,0,8,32,2,0,2,9679,0,1,0,2,4,4,5,1,3,4,1373,2,1
1395,1,1,10,31,2,7,1,5617,8,10,0,3,4,1,26,2,3,7,754,3,4
1396,1,1,15,53,3,2,2,10448,2,2,0,3,1,1,24,2,2,7,1168,2,2
1397,0,0,9,54,2,3,1,2897,3,4,2,3,3,1,9,1,2,6,155,3,6
1398,0,0,9,33,2,7,0,5968,8,9,3,3,3,4,7,1,3,0,1303,3,2
1399,0,0,10,43,3,9,1,7510,9,10,1,3,3,1,11,1,3,0,574,2,1
1400,0,1,7,38,1,2,1,2991,2,6,1,3,2,4,1,0,3,1,1444,2,2
1401,0,1,35,55,5,9,1,19636,4,10,1,4,2,3,26,0,3,3,189,1,0
1402,0,1,1,31,1,0,0,1129,0,1,3,1,4,4,2,1,3,2,1276,3,4
1403,0,0,21,39,4,8,2,13341,10,20,0,3,1,2,15,2,3,7,119,1,3
1404,0,0,20,42,2,9,2,4332,7,20,0,2,3,4,23,1,3,6,335,4,2
1405,0,0,13,31,3,7,1,11031,8,11,1,3,3,3,10,1,4,5,697,3,2
1406,0,1,9,54,2,2,2,4440,4,5,0,3,1,3,10,1,3,4,157,4,3
1407,0,0,4,24,2,3,2,4617,2,4,0,2,3,2,1,1,2,0,771,2,2
1408,0,0,5,23,1,2,2,2647,4,5,0,3,4,4,12,1,4,2,571,3,6
1409,0,0,10,40,2,9,1,6323,4,10,1,3,3,4,11,1,4,2,692,1,2
1410,0,0,15,40,2,8,1,5677,10,11,1,3,2,2,2,2,3,7,444,3,4
1411,0,0,6,25,1,0,1,2187,2,2,0,3,2,3,2,0,3,1,309,3,3
1412,0,0,12,30,1,8,1,3748,7,12,0,3,2,4,1,1,2,2,911,3,6
1413,0,1,7,25,1,2,0,3977,2,2,1,3,3,4,2,1,2,2,977,3,2
1414,0,0,25,47,3,14,2,8633,11,17,0,3,3,1,25,1,3,0,1180,2,3
1415,0,0,1,33,1,1,0,2008,0,1,3,2,3,2,1,1,2,2,1313,3,2
1416,0,0,16,38,2,13,1,4440,8,15,2,3,2,4,1,2,3,7,1321,1,3
1417,0,0,3,31,1,2,1,3067,2,2,1,3,3,1,2,2,3,8,1154,3,1
1418,0,0,10,38,2,3,1,5321,7,8,1,2,3,1,6,1,3,4,508,4,1
1419,0,1,9,42,2,3,0,5410,2,4,1,3,1,4,18,1,2,6,557,3,3
1420,0,0,12,41,1,3,1,2782,0,5,1,3,4,4,1,1,3,6,642,1,3
1421,0,0,14,47,3,8,1,11957,12,13,2,3,2,3,1,1,1,5,1162,1,3
1422,0,1,5,35,1,2,1,2660,2,2,1,3,3,4,11,1,3,2,1490,3,3
1423,0,0,4,22,1,2,2,3375,2,3,0,3,3,4,1,1,4,6,581,4,2
1424,0,0,10,35,2,7,2,5098,8,10,0,3,3,2,9,1,3,6,1395,2,5
1425,0,1,10,33,2,7,1,4878,1,9,1,3,4,2,15,1,3,0,501,1,6
1426,0,0,6,32,1,2,2,2837,1,6,0,2,2,3,29,1,3,2,267,3,3
1427,0,0,8,40,1,0,1,2406,0,1,2,3,4,1,1,1,2,2,543,3,3
1428,0,0,3,32,1,2,1,2269,2,2,1,2,2,2,1,2,3,8,234,2,2
1429,0,0,18,39,2,7,2,4108,7,7,0,3,4,1,24,1,3,6,116,1,2
1430,0,0,20,38,3,16,1,13206,11,18,1,1,3,2,10,1,3,5,201,1,3
1431,0,0,14,32,3,10,1,10422,7,14,2,3,4,3,1,2,3,7,801,3,3
1432,0,1,16,37,3,11,1,13744,8,16,1,4,4,3,10,1,3,5,161,1,2
1433,0,1,6,25,2,3,0,4907,4,5,1,3,3,1,8,2,2,7,1382,2,3
1434,0,0,16,52,1,8,0,3482,0,9,2,3,4,1,29,2,2,8,585,2,3
1435,0,1,6,44,1,3,2,2436,2,4,0,3,4,2,1,1,3,6,1037,3,2
1436,0,1,2,21,1,2,2,2380,2,2,0,3,1,3,5,2,3,8,501,4,6
1437,0,0,21,39,5,0,2,19431,3,6,0,3,4,4,9,1,2,3,105,3,3
1438,1,0,1,23,1,0,1,1790,0,1,1,3,1,4,9,2,2,8,638,1,3
1439,0,0,10,36,3,7,1,7644,4,9,2,2,4,1,3,2,3,7,557,3,2
1440,0,0,18,36,2,2,0,5131,2,4,3,3,2,4,4,1,3,4,688,2,3
1441,0,0,13,56,2,12,0,6306,9,13,1,3,3,3,1,1,2,0,667,1,2
1443,0,0,24,42,5,6,1,18880,14,22,0,3,3,1,2,1,2,3,300,1,2
1444,1,0,14,56,1,9,1,2339,8,10,1,3,3,4,7,1,1,2,310,4,4
1445,0,0,21,41,4,7,1,13570,10,20,1,2,2,1,28,1,3,4,582,3,3
1446,0,0,8,34,2,7,1,6712,7,8,2,2,3,4,28,2,3,7,704,4,2
1447,0,0,15,36,2,12,0,5406,11,15,1,1,4,4,15,2,2,7,301,1,4
1448,0,0,14,41,2,4,0,8938,4,5,1,2,2,3,3,2,3,7,930,3,5
1449,0,0,4,32,1,2,2,2439,2,4,0,3,1,4,2,1,3,6,529,4,4
1450,0,1,9,35,3,0,2,8837,7,9,0,3,4,3,26,0,3,1,1146,3,2
1451,0,0,10,38,2,7,1,5343,9,10,1,3,4,1,10,2,3,7,345,3,1
1452,1,0,12,50,2,3,0,6728,1,6,2,3,3,2,1,2,3,7,878,4,3
1453,0,0,8,36,2,3,1,6652,0,6,1,2,4,2,11,2,2,7,1120,1,2
1454,0,0,8,45,2,3,2,4850,1,5,0,3,3,4,20,2,3,7,374,3,3
1455,0,0,8,40,1,2,2,2809,2,2,0,2,3,3,2,1,3,6,1322,4,2
1456,0,1,10,35,2,2,1,5689,2,10,2,3,3,3,18,1,4,0,1199,4,2
1457,0,0,20,40,1,3,1,2001,2,5,3,3,3,3,2,1,3,6,1194,2,2
1458,0,0,4,35,1,3,1,2977,1,4,1,1,4,3,1,1,3,6,287,4,5
1459,0,1,10,29,2,3,1,4025,3,4,1,2,2,4,13,1,3,2,1378,1,2
1460,0,0,5,29,1,4,2,3785,4,5,0,2,1,4,28,1,1,6,468,2,3
1461,1,1,20,50,3,2,0,10854,0,3,1,2,1,4,28,2,3,7,410,2,3
1462,0,0,21,39,4,9,1,12031,6,20,1,2,4,2,24,2,2,7,722,1,2
1463,0,0,10,31,2,4,2,9936,7,9,0,3,1,2,5,1,3,4,325,2,2
1464,0,0,5,26,1,2,2,2966,0,4,0,2,3,4,5,2,3,8,1167,4,2
1465,0,0,17,36,2,2,1,2571,3,5,1,4,4,3,23,1,3,2,884,3,3
1466,0,0,9,39,3,7,1,9991,7,7,1,2,1,4,6,1,3,0,613,1,5
1467,0,1,6,27,2,2,1,6142,3,6,1,4,2,2,4,1,3,4,155,2,0
1468,0,0,17,49,2,6,1,5390,8,9,0,2,2,4,2,2,2,7,1023,4,3
1469,0,0,6,34,2,3,1,4404,2,4,0,4,3,2,8,1,4,2,628,1,3
